x,y,random_state,sections,random_mat_row
"[36, 75]","[-88, 88]",36,7,[ 9 29 24 41 94 92 24 93 98 76 41 88 42 60]
"[9, 50]","[-9, 9]",52,11,[88 41 76 92 41 42 98 94  9 24 93 29 24 60]
"[31, 70]","[-24, 24]",80,5,[92 60 93 94 76 41 88 98 29 42  9 41 24 24]
"[0, 48]","[-3, 3]",20,3,[98 29 88 41 60 94 42 93 24 92 76 24  9 41]
"[24, 26]","[-97, 97]",78,13,[29 41 42 41  9 92 98 94 24 76 88 93 24 60]
"[3, 57]","[-85, 85]",98,3,[94 60 88 41 42 24 24 93 29 41 76 92 98  9]
"[36, 51]","[-51, 51]",82,3,[88 93 29 60 92 41 76  9 94 24 24 98 42 41]
"[76, 91]","[-87, 87]",16,5,[93 88 41 42 29 24 94  9 24 92 41 60 98 76]
"[18, 98]","[-57, 57]",93,3,[41 42 76 93 24 24  9 94 98 41 88 92 29 60]
"[1, 90]","[-44, 44]",6,5,[98 24 24 93 42 88 60 29 41 94 92 41 76  9]
"[20, 23]","[-29, 29]",94,5,[93 92 88 76 98 41  9 24 24 41 60 94 42 29]
"[62, 99]","[-16, 16]",58,7,[88 29 24  9 42 24 41 92 98 60 76 93 94 41]
"[5, 43]","[-72, 72]",82,13,[88 93 29 60 92 41 76  9 94 24 24 98 42 41]
"[9, 87]","[-18, 18]",91,7,[88 94 41 41 24 93 76 29 60 24 92 98  9 42]
"[8, 67]","[-84, 84]",23,13,[94 41 42  9 98 92 60 93 29 24 76 88 24 41]
"[52, 57]","[-96, 96]",61,13,[76 88  9 98 92 24 60 93 41 29 94 24 42 41]
"[34, 83]","[-29, 29]",24,9,[29  9 98 60 24 24 92 88 76 41 93 94 41 42]
"[35, 89]","[-76, 76]",26,7,[93 88  9 76 92 29 42 98 41 24 41 94 24 60]
"[42, 71]","[-77, 77]",53,13,[41 93 29  9 41 98 42 88 94 92 24 24 60 76]
"[8, 94]","[-65, 65]",45,7,[76 88 24 42  9 93 98 41 92 24 60 94 41 29]
"[60, 89]","[-33, 33]",35,3,[24 92 42  9 60 98 29 41 88 94 41 93 24 76]
"[38, 42]","[-93, 93]",2,13,[29 92 60 94 76 41 41  9 93 24 42 24 98 88]
"[92, 99]","[-40, 40]",93,13,[41 42 76 93 24 24  9 94 98 41 88 92 29 60]
"[74, 91]","[-58, 58]",10,3,[41 93 24 24 88 42  9 60 29 98 41 94 92 76]
"[35, 67]","[-4, 4]",92,3,[60 29 92 94 41 88 76 24 93 24 42 41 98  9]
"[17, 91]","[-76, 76]",22,11,[93 98 42 41 88 29  9 41 76 24 24 94 92 60]
"[34, 56]","[-88, 88]",51,3,[41 88 42 93 41 92 24  9 29 24 98 94 60 76]
"[12, 23]","[-24, 24]",9,13,[98 93  9 42 94 41 92 76 41 29 88 24 60 24]
"[4, 52]","[-74, 74]",34,11,[94 98 93 42 29 88 41 92 60 24 76 24  9 41]
"[37, 85]","[-90, 90]",33,9,[94 24 41 76 98 29 60 24 41  9 42 88 93 92]
"[33, 41]","[-33, 33]",65,5,[42 92 29 41  9 94 41 76 24 24 93 98 88 60]
"[22, 63]","[-92, 92]",97,7,[24 41 42 94 88 29 98 92 93 60 24 76 41  9]
"[32, 65]","[-32, 32]",43,11,[76 93  9 98 42 24 88 29 41 24 60 41 94 92]
"[82, 98]","[-31, 31]",28,7,[98 42 29  9 93 88 24 41 94 92 24 60 76 41]
"[56, 67]","[-23, 23]",75,11,[29 92 60 76  9 93 24 42 24 98 41 41 94 88]
"[10, 79]","[-60, 60]",16,9,[93 88 41 42 29 24 94  9 24 92 41 60 98 76]
"[25, 78]","[-35, 35]",33,3,[94 24 41 76 98 29 60 24 41  9 42 88 93 92]
"[76, 92]","[-99, 99]",72,11,[41 42 24 94 92 24 98 76 93 29 60  9 41 88]
"[3, 10]","[-65, 65]",32,5,[94 98 42 24 76 41  9 92 41 88 24 60 29 93]
"[31, 86]","[-71, 71]",34,11,[94 98 93 42 29 88 41 92 60 24 76 24  9 41]
"[39, 81]","[-80, 80]",71,7,[41 60 24 92 76 94 41 24 42  9 88 93 98 29]
"[7, 91]","[-28, 28]",19,9,[ 9 24 76 41 24 94 93 29 92 41 88 42 60 98]
"[18, 53]","[-42, 42]",15,11,[98 42 76 92 41 24 29 41  9 94 93 24 60 88]
"[46, 71]","[-51, 51]",97,5,[24 41 42 94 88 29 98 92 93 60 24 76 41  9]
"[1, 5]","[-96, 96]",30,7,[94 76 29 88 24  9 41 41 24 42 93 92 98 60]
"[4, 12]","[-45, 45]",32,11,[94 98 42 24 76 41  9 92 41 88 24 60 29 93]
"[16, 20]","[-43, 43]",75,9,[29 92 60 76  9 93 24 42 24 98 41 41 94 88]
"[1, 46]","[-59, 59]",55,5,[24 92 42 24 94 41 41 76 29 60 88 93  9 98]
"[72, 96]","[-46, 46]",8,5,[ 9 93 42 29 24 24 94 98 88 60 76 41 92 41]
"[48, 94]","[-95, 95]",4,5,[92 41 29 76 24 98 42 94 24 88 41 60 93  9]
"[14, 54]","[-87, 87]",68,9,[98 41 76 41 60 24 29 24 88 94  9 92 93 42]
"[22, 43]","[-3, 3]",32,5,[94 98 42 24 76 41  9 92 41 88 24 60 29 93]
"[16, 70]","[-13, 13]",68,11,[98 41 76 41 60 24 29 24 88 94  9 92 93 42]
"[20, 29]","[-5, 5]",7,7,[24 29 42 60 94 41 98 88 93  9 41 24 76 92]
"[18, 26]","[-41, 41]",18,3,[98 92 24 76 93 24 94 29 42 41 60 88 41  9]
"[20, 47]","[-29, 29]",63,5,[60 24  9 98 76 41 88 41 94 42 93 29 92 24]
"[45, 76]","[-59, 59]",92,5,[60 29 92 94 41 88 76 24 93 24 42 41 98  9]
"[38, 43]","[-84, 84]",23,3,[94 41 42  9 98 92 60 93 29 24 76 88 24 41]
"[22, 29]","[-90, 90]",13,9,[76 29 60 41 88 93 41 92 98 24 24  9 94 42]
"[34, 56]","[-22, 22]",45,3,[76 88 24 42  9 93 98 41 92 24 60 94 41 29]
"[10, 87]","[-37, 37]",54,5,[92 24 76 41 98 24  9 29 88 94 41 93 42 60]
"[61, 83]","[-38, 38]",93,5,[41 42 76 93 24 24  9 94 98 41 88 92 29 60]
"[60, 90]","[-57, 57]",74,7,[ 9 24 42 94 88 93 41 41 60 98 92 24 76 29]
"[21, 77]","[-98, 98]",69,5,[41 88 42 60 94 24 98 41 92 93  9 76 29 24]
"[16, 55]","[-56, 56]",88,7,[93 41 98 42 76 24 29 24 60 92  9 41 94 88]
"[3, 21]","[-44, 44]",15,9,[98 42 76 92 41 24 29 41  9 94 93 24 60 88]
"[71, 77]","[-36, 36]",60,5,[94 92 60 76 29 42 93 24 88 41  9 24 41 98]
"[75, 95]","[-68, 68]",55,11,[24 92 42 24 94 41 41 76 29 60 88 93  9 98]
"[45, 87]","[-15, 15]",1,11,[41 93 24 42  9 92 41 24 94 98 76 88 29 60]
"[66, 70]","[-19, 19]",78,13,[29 41 42 41  9 92 98 94 24 76 88 93 24 60]
"[7, 28]","[-32, 32]",61,9,[76 88  9 98 92 24 60 93 41 29 94 24 42 41]
"[56, 72]","[-50, 50]",71,11,[41 60 24 92 76 94 41 24 42  9 88 93 98 29]
"[12, 85]","[-80, 80]",35,7,[24 92 42  9 60 98 29 41 88 94 41 93 24 76]
"[4, 75]","[-67, 67]",16,7,[93 88 41 42 29 24 94  9 24 92 41 60 98 76]
"[3, 21]","[-1, 1]",54,13,[92 24 76 41 98 24  9 29 88 94 41 93 42 60]
"[30, 78]","[-74, 74]",63,9,[60 24  9 98 76 41 88 41 94 42 93 29 92 24]
"[8, 91]","[-66, 66]",40,3,[94 98  9 41 24 92 41 42 76 88 60 93 29 24]
"[23, 80]","[-96, 96]",89,7,[29 94  9 93 98 76 41 24 42 88 60 24 92 41]
"[60, 97]","[-55, 55]",36,13,[ 9 29 24 41 94 92 24 93 98 76 41 88 42 60]
"[16, 38]","[-53, 53]",78,7,[29 41 42 41  9 92 98 94 24 76 88 93 24 60]
"[28, 89]","[-69, 69]",68,11,[98 41 76 41 60 24 29 24 88 94  9 92 93 42]
"[6, 89]","[-47, 47]",27,3,[93 92 98 42 24  9 41 76 60 94 29 24 88 41]
"[35, 70]","[-8, 8]",24,5,[29  9 98 60 24 24 92 88 76 41 93 94 41 42]
"[30, 97]","[-70, 70]",25,9,[94 76 41 60 29 41 24 98 88 42 93 24  9 92]
"[57, 66]","[-82, 82]",74,7,[ 9 24 42 94 88 93 41 41 60 98 92 24 76 29]
"[43, 65]","[-41, 41]",95,11,[ 9 24 93 29 94 41 88 92 42 60 98 41 76 24]
"[56, 88]","[-25, 25]",90,3,[41 88 24 76 98 94  9 24 60 92 93 41 42 29]
"[8, 95]","[-33, 33]",84,13,[41 92 93 98 29 42 24 24 94 60 88 76 41  9]
"[13, 46]","[-93, 93]",56,13,[88 29 98 41  9 41 24 24 93 76 42 94 92 60]
"[48, 61]","[-27, 27]",83,13,[41 60 24  9 98 92 41 29 76 94 24 88 93 42]
"[11, 19]","[-79, 79]",41,5,[93 88 24  9 92 29 60 76 24 41 98 42 41 94]
"[24, 40]","[-70, 70]",37,3,[93 92 76 41 94  9 42 88 41 24 60 98 24 29]
"[23, 68]","[-84, 84]",14,13,[60 41 24 41 94  9 92 42 98 76 93 24 88 29]
"[41, 54]","[-88, 88]",91,13,[88 94 41 41 24 93 76 29 60 24 92 98  9 42]
"[92, 98]","[-22, 22]",22,11,[93 98 42 41 88 29  9 41 76 24 24 94 92 60]
"[32, 92]","[-40, 40]",54,13,[92 24 76 41 98 24  9 29 88 94 41 93 42 60]
"[36, 83]","[-43, 43]",92,11,[60 29 92 94 41 88 76 24 93 24 42 41 98  9]
"[88, 99]","[-52, 52]",93,3,[41 42 76 93 24 24  9 94 98 41 88 92 29 60]
"[27, 38]","[-9, 9]",48,11,[60 29 24 88  9 42 93 24 76 98 92 41 41 94]
"[25, 30]","[-17, 17]",45,3,[76 88 24 42  9 93 98 41 92 24 60 94 41 29]
"[31, 59]","[-65, 65]",71,7,[41 60 24 92 76 94 41 24 42  9 88 93 98 29]
"[43, 52]","[-42, 42]",94,11,[93 92 88 76 98 41  9 24 24 41 60 94 42 29]
"[47, 83]","[-57, 57]",46,11,[41 24 29 94 93  9 24 76 42 41 92 88 60 98]
"[78, 93]","[-59, 59]",19,7,[ 9 24 76 41 24 94 93 29 92 41 88 42 60 98]
"[64, 69]","[-4, 4]",16,7,[93 88 41 42 29 24 94  9 24 92 41 60 98 76]
"[27, 53]","[-92, 92]",15,13,[98 42 76 92 41 24 29 41  9 94 93 24 60 88]
"[67, 88]","[-85, 85]",56,11,[88 29 98 41  9 41 24 24 93 76 42 94 92 60]
"[29, 80]","[-14, 14]",79,9,[98 60 24 29 76 24 41 94 42 88 92 41  9 93]
"[48, 88]","[-58, 58]",83,13,[41 60 24  9 98 92 41 29 76 94 24 88 93 42]
"[52, 80]","[-83, 83]",83,3,[41 60 24  9 98 92 41 29 76 94 24 88 93 42]
"[3, 46]","[-62, 62]",25,5,[94 76 41 60 29 41 24 98 88 42 93 24  9 92]
"[6, 89]","[-28, 28]",51,9,[41 88 42 93 41 92 24  9 29 24 98 94 60 76]
"[68, 95]","[-68, 68]",77,7,[98 24 42 76 41 29  9 41 94 88 60 24 92 93]
"[5, 28]","[-12, 12]",76,7,[76 29 41 24 88 92  9 60 42 98 94 24 93 41]
"[5, 25]","[-92, 92]",50,7,[24  9 76 41 42 93 88 60 24 92 41 29 98 94]
"[60, 99]","[-69, 69]",50,5,[24  9 76 41 42 93 88 60 24 92 41 29 98 94]
"[46, 81]","[-26, 26]",97,7,[24 41 42 94 88 29 98 92 93 60 24 76 41  9]
"[30, 65]","[-71, 71]",35,13,[24 92 42  9 60 98 29 41 88 94 41 93 24 76]
"[2, 90]","[-61, 61]",90,3,[41 88 24 76 98 94  9 24 60 92 93 41 42 29]
"[74, 97]","[-71, 71]",71,11,[41 60 24 92 76 94 41 24 42  9 88 93 98 29]
"[15, 51]","[-70, 70]",9,5,[98 93  9 42 94 41 92 76 41 29 88 24 60 24]
"[70, 78]","[-98, 98]",9,7,[98 93  9 42 94 41 92 76 41 29 88 24 60 24]
"[59, 74]","[-10, 10]",9,13,[98 93  9 42 94 41 92 76 41 29 88 24 60 24]
"[7, 77]","[-88, 88]",62,13,[98 94  9 24 93 24 92 29 60 41 76 41 88 42]
"[11, 53]","[-23, 23]",49,11,[41 94 24 41 93 98 29 76 42 92 24 60 88  9]
"[20, 55]","[-57, 57]",59,13,[42  9 98 92 24 88 41 29 94 76 60 93 24 41]
"[15, 75]","[-80, 80]",89,9,[29 94  9 93 98 76 41 24 42 88 60 24 92 41]
"[16, 93]","[-72, 72]",51,9,[41 88 42 93 41 92 24  9 29 24 98 94 60 76]
"[21, 91]","[-50, 50]",16,11,[93 88 41 42 29 24 94  9 24 92 41 60 98 76]
"[10, 44]","[-3, 3]",51,3,[41 88 42 93 41 92 24  9 29 24 98 94 60 76]
"[35, 91]","[-60, 60]",93,5,[41 42 76 93 24 24  9 94 98 41 88 92 29 60]
"[12, 75]","[-91, 91]",92,11,[60 29 92 94 41 88 76 24 93 24 42 41 98  9]
"[33, 64]","[-23, 23]",66,11,[24 41 29 98 88 94 76 42  9 60 41 93 24 92]
"[0, 4]","[-15, 15]",97,7,[24 41 42 94 88 29 98 92 93 60 24 76 41  9]
"[52, 87]","[-3, 3]",57,13,[76 24 92 41 93 29 41 94  9 42 88 98 60 24]
"[75, 90]","[-90, 90]",8,7,[ 9 93 42 29 24 24 94 98 88 60 76 41 92 41]
"[10, 17]","[-99, 99]",36,13,[ 9 29 24 41 94 92 24 93 98 76 41 88 42 60]
"[10, 96]","[-39, 39]",85,3,[76 24 88 93 24 41 42 60 98 29 41 92 94  9]
"[61, 85]","[-26, 26]",55,5,[24 92 42 24 94 41 41 76 29 60 88 93  9 98]
"[36, 59]","[-46, 46]",38,9,[24 24  9 88 94 76 93 98 42 92 41 60 29 41]
"[67, 76]","[-91, 91]",98,13,[94 60 88 41 42 24 24 93 29 41 76 92 98  9]
"[31, 81]","[-21, 21]",57,9,[76 24 92 41 93 29 41 94  9 42 88 98 60 24]
"[4, 41]","[-25, 25]",32,3,[94 98 42 24 76 41  9 92 41 88 24 60 29 93]
"[25, 42]","[-91, 91]",64,13,[88 42 29 76 94 60 41 98 41  9 24 93 24 92]
"[71, 99]","[-98, 98]",28,7,[98 42 29  9 93 88 24 41 94 92 24 60 76 41]
"[31, 64]","[-65, 65]",47,7,[92 60 42 24 41 29 76 94 41  9 88 98 24 93]
"[35, 71]","[-81, 81]",60,13,[94 92 60 76 29 42 93 24 88 41  9 24 41 98]
"[9, 65]","[-86, 86]",37,9,[93 92 76 41 94  9 42 88 41 24 60 98 24 29]
"[11, 38]","[-54, 54]",93,3,[41 42 76 93 24 24  9 94 98 41 88 92 29 60]
"[45, 98]","[-74, 74]",72,13,[41 42 24 94 92 24 98 76 93 29 60  9 41 88]
"[40, 81]","[-75, 75]",80,5,[92 60 93 94 76 41 88 98 29 42  9 41 24 24]
"[21, 30]","[-54, 54]",94,7,[93 92 88 76 98 41  9 24 24 41 60 94 42 29]
"[14, 53]","[-89, 89]",11,11,[24 41 88 60 92 24 42 98  9 93 41 29 94 76]
"[30, 71]","[-32, 32]",80,11,[92 60 93 94 76 41 88 98 29 42  9 41 24 24]
"[5, 12]","[-45, 45]",13,9,[76 29 60 41 88 93 41 92 98 24 24  9 94 42]
"[3, 78]","[-88, 88]",33,7,[94 24 41 76 98 29 60 24 41  9 42 88 93 92]
"[38, 78]","[-89, 89]",34,11,[94 98 93 42 29 88 41 92 60 24 76 24  9 41]
"[20, 22]","[-73, 73]",54,7,[92 24 76 41 98 24  9 29 88 94 41 93 42 60]
"[31, 81]","[-99, 99]",0,9,[88 24 92 29 42 98 76 41 93  9 41 94 60 24]
"[64, 73]","[-56, 56]",11,11,[24 41 88 60 92 24 42 98  9 93 41 29 94 76]
"[18, 32]","[-88, 88]",3,3,[93 92 41 42 98 24 60 94 29 24 41 76 88  9]
"[11, 63]","[-22, 22]",29,5,[92 93 24 29  9 24 98 76 41 94 88 42 41 60]
"[44, 52]","[-51, 51]",24,13,[29  9 98 60 24 24 92 88 76 41 93 94 41 42]
"[14, 56]","[-50, 50]",75,13,[29 92 60 76  9 93 24 42 24 98 41 41 94 88]
"[0, 86]","[-4, 4]",31,9,[29 41 41 76 60 88  9 92 24 24 98 94 93 42]
"[28, 69]","[-26, 26]",66,7,[24 41 29 98 88 94 76 42  9 60 41 93 24 92]
"[16, 84]","[-31, 31]",46,13,[41 24 29 94 93  9 24 76 42 41 92 88 60 98]
"[8, 22]","[-58, 58]",56,9,[88 29 98 41  9 41 24 24 93 76 42 94 92 60]
"[93, 95]","[-68, 68]",14,13,[60 41 24 41 94  9 92 42 98 76 93 24 88 29]
"[2, 33]","[-49, 49]",66,5,[24 41 29 98 88 94 76 42  9 60 41 93 24 92]
"[36, 98]","[-20, 20]",34,5,[94 98 93 42 29 88 41 92 60 24 76 24  9 41]
"[57, 87]","[-75, 75]",38,9,[24 24  9 88 94 76 93 98 42 92 41 60 29 41]
"[85, 94]","[-95, 95]",95,7,[ 9 24 93 29 94 41 88 92 42 60 98 41 76 24]
"[30, 40]","[-23, 23]",22,11,[93 98 42 41 88 29  9 41 76 24 24 94 92 60]
"[35, 89]","[-69, 69]",51,5,[41 88 42 93 41 92 24  9 29 24 98 94 60 76]
"[11, 68]","[-40, 40]",68,11,[98 41 76 41 60 24 29 24 88 94  9 92 93 42]
"[40, 42]","[-14, 14]",41,13,[93 88 24  9 92 29 60 76 24 41 98 42 41 94]
"[3, 87]","[-13, 13]",54,5,[92 24 76 41 98 24  9 29 88 94 41 93 42 60]
"[22, 25]","[-44, 44]",89,5,[29 94  9 93 98 76 41 24 42 88 60 24 92 41]
"[1, 76]","[-53, 53]",84,5,[41 92 93 98 29 42 24 24 94 60 88 76 41  9]
"[32, 55]","[-21, 21]",35,5,[24 92 42  9 60 98 29 41 88 94 41 93 24 76]
"[28, 70]","[-79, 79]",11,3,[24 41 88 60 92 24 42 98  9 93 41 29 94 76]
"[50, 96]","[-41, 41]",13,5,[76 29 60 41 88 93 41 92 98 24 24  9 94 42]
"[5, 99]","[-47, 47]",43,11,[76 93  9 98 42 24 88 29 41 24 60 41 94 92]
"[42, 90]","[-14, 14]",5,3,[60 41 93 42  9 98 29 92 88 76 94 24 24 41]
"[5, 68]","[-92, 92]",47,11,[92 60 42 24 41 29 76 94 41  9 88 98 24 93]
"[42, 91]","[-66, 66]",34,3,[94 98 93 42 29 88 41 92 60 24 76 24  9 41]
"[42, 50]","[-42, 42]",23,9,[94 41 42  9 98 92 60 93 29 24 76 88 24 41]
"[36, 70]","[-14, 14]",27,7,[93 92 98 42 24  9 41 76 60 94 29 24 88 41]
"[34, 41]","[-54, 54]",77,9,[98 24 42 76 41 29  9 41 94 88 60 24 92 93]
"[29, 63]","[-50, 50]",88,7,[93 41 98 42 76 24 29 24 60 92  9 41 94 88]
"[11, 27]","[-73, 73]",29,11,[92 93 24 29  9 24 98 76 41 94 88 42 41 60]
"[82, 85]","[-26, 26]",17,3,[42  9 98 41 60 88 92 93 29 94 76 24 24 41]
"[21, 44]","[-86, 86]",53,3,[41 93 29  9 41 98 42 88 94 92 24 24 60 76]
"[9, 75]","[-13, 13]",49,11,[41 94 24 41 93 98 29 76 42 92 24 60 88  9]
"[45, 94]","[-1, 1]",18,5,[98 92 24 76 93 24 94 29 42 41 60 88 41  9]
"[29, 78]","[-60, 60]",57,5,[76 24 92 41 93 29 41 94  9 42 88 98 60 24]
"[91, 99]","[-78, 78]",82,9,[88 93 29 60 92 41 76  9 94 24 24 98 42 41]
"[12, 97]","[-60, 60]",85,9,[76 24 88 93 24 41 42 60 98 29 41 92 94  9]
"[93, 98]","[-68, 68]",51,7,[41 88 42 93 41 92 24  9 29 24 98 94 60 76]
"[3, 53]","[-80, 80]",1,3,[41 93 24 42  9 92 41 24 94 98 76 88 29 60]
"[40, 65]","[-13, 13]",83,11,[41 60 24  9 98 92 41 29 76 94 24 88 93 42]
"[32, 42]","[-42, 42]",97,5,[24 41 42 94 88 29 98 92 93 60 24 76 41  9]
"[65, 72]","[-44, 44]",63,3,[60 24  9 98 76 41 88 41 94 42 93 29 92 24]
"[92, 95]","[-21, 21]",15,13,[98 42 76 92 41 24 29 41  9 94 93 24 60 88]
"[81, 98]","[-97, 97]",36,7,[ 9 29 24 41 94 92 24 93 98 76 41 88 42 60]
"[70, 86]","[-4, 4]",88,5,[93 41 98 42 76 24 29 24 60 92  9 41 94 88]
"[54, 95]","[-33, 33]",18,13,[98 92 24 76 93 24 94 29 42 41 60 88 41  9]
"[68, 78]","[-70, 70]",75,3,[29 92 60 76  9 93 24 42 24 98 41 41 94 88]
"[76, 90]","[-50, 50]",86,3,[93 98 29 24  9 24 60 42 41 76 88 41 94 92]
"[63, 64]","[-22, 22]",62,13,[98 94  9 24 93 24 92 29 60 41 76 41 88 42]
"[41, 60]","[-58, 58]",26,7,[93 88  9 76 92 29 42 98 41 24 41 94 24 60]
"[77, 83]","[-45, 45]",97,7,[24 41 42 94 88 29 98 92 93 60 24 76 41  9]
"[75, 90]","[-57, 57]",25,11,[94 76 41 60 29 41 24 98 88 42 93 24  9 92]
"[20, 97]","[-83, 83]",9,3,[98 93  9 42 94 41 92 76 41 29 88 24 60 24]
"[38, 76]","[-16, 16]",54,9,[92 24 76 41 98 24  9 29 88 94 41 93 42 60]
"[29, 64]","[-32, 32]",43,3,[76 93  9 98 42 24 88 29 41 24 60 41 94 92]
"[19, 85]","[-95, 95]",45,7,[76 88 24 42  9 93 98 41 92 24 60 94 41 29]
"[22, 32]","[-81, 81]",88,11,[93 41 98 42 76 24 29 24 60 92  9 41 94 88]
"[32, 77]","[-89, 89]",95,13,[ 9 24 93 29 94 41 88 92 42 60 98 41 76 24]
"[16, 47]","[-99, 99]",53,11,[41 93 29  9 41 98 42 88 94 92 24 24 60 76]
"[58, 97]","[-64, 64]",45,5,[76 88 24 42  9 93 98 41 92 24 60 94 41 29]
"[9, 70]","[-11, 11]",93,7,[41 42 76 93 24 24  9 94 98 41 88 92 29 60]
"[22, 32]","[-88, 88]",86,13,[93 98 29 24  9 24 60 42 41 76 88 41 94 92]
"[9, 26]","[-60, 60]",24,9,[29  9 98 60 24 24 92 88 76 41 93 94 41 42]
"[24, 84]","[-63, 63]",31,5,[29 41 41 76 60 88  9 92 24 24 98 94 93 42]
"[49, 63]","[-88, 88]",12,13,[93 76 24 60  9 94 92 88 41 42 41 24 98 29]
"[16, 17]","[-54, 54]",65,9,[42 92 29 41  9 94 41 76 24 24 93 98 88 60]
"[4, 70]","[-17, 17]",54,3,[92 24 76 41 98 24  9 29 88 94 41 93 42 60]
"[49, 54]","[-16, 16]",26,9,[93 88  9 76 92 29 42 98 41 24 41 94 24 60]
"[34, 46]","[-67, 67]",24,5,[29  9 98 60 24 24 92 88 76 41 93 94 41 42]
"[80, 85]","[-42, 42]",35,11,[24 92 42  9 60 98 29 41 88 94 41 93 24 76]
"[28, 37]","[-12, 12]",8,7,[ 9 93 42 29 24 24 94 98 88 60 76 41 92 41]
"[3, 91]","[-96, 96]",32,13,[94 98 42 24 76 41  9 92 41 88 24 60 29 93]
"[33, 61]","[-36, 36]",1,3,[41 93 24 42  9 92 41 24 94 98 76 88 29 60]
"[55, 90]","[-77, 77]",84,13,[41 92 93 98 29 42 24 24 94 60 88 76 41  9]
"[25, 87]","[-50, 50]",90,11,[41 88 24 76 98 94  9 24 60 92 93 41 42 29]
"[7, 13]","[-92, 92]",6,3,[98 24 24 93 42 88 60 29 41 94 92 41 76  9]
"[22, 93]","[-11, 11]",30,5,[94 76 29 88 24  9 41 41 24 42 93 92 98 60]
"[15, 88]","[-31, 31]",45,13,[76 88 24 42  9 93 98 41 92 24 60 94 41 29]
"[27, 62]","[-28, 28]",94,3,[93 92 88 76 98 41  9 24 24 41 60 94 42 29]
"[65, 69]","[-55, 55]",85,7,[76 24 88 93 24 41 42 60 98 29 41 92 94  9]
"[36, 55]","[-5, 5]",54,5,[92 24 76 41 98 24  9 29 88 94 41 93 42 60]
"[51, 87]","[-9, 9]",46,5,[41 24 29 94 93  9 24 76 42 41 92 88 60 98]
"[6, 51]","[-12, 12]",96,7,[24 94 88 93 41 60 29 42 76 41 98 24  9 92]
"[15, 26]","[-97, 97]",95,13,[ 9 24 93 29 94 41 88 92 42 60 98 41 76 24]
"[27, 74]","[-8, 8]",74,13,[ 9 24 42 94 88 93 41 41 60 98 92 24 76 29]
"[75, 99]","[-40, 40]",11,13,[24 41 88 60 92 24 42 98  9 93 41 29 94 76]
"[66, 95]","[-63, 63]",59,9,[42  9 98 92 24 88 41 29 94 76 60 93 24 41]
"[48, 92]","[-2, 2]",50,5,[24  9 76 41 42 93 88 60 24 92 41 29 98 94]
"[16, 25]","[-42, 42]",90,11,[41 88 24 76 98 94  9 24 60 92 93 41 42 29]
"[40, 47]","[-80, 80]",99,3,[94 24 93 98 24 60 92 42  9 29 88 76 41 41]
"[0, 22]","[-75, 75]",53,11,[41 93 29  9 41 98 42 88 94 92 24 24 60 76]
"[20, 63]","[-30, 30]",50,7,[24  9 76 41 42 93 88 60 24 92 41 29 98 94]
"[50, 58]","[-75, 75]",86,9,[93 98 29 24  9 24 60 42 41 76 88 41 94 92]
"[4, 53]","[-35, 35]",48,9,[60 29 24 88  9 42 93 24 76 98 92 41 41 94]
"[3, 71]","[-62, 62]",3,3,[93 92 41 42 98 24 60 94 29 24 41 76 88  9]
"[81, 87]","[-3, 3]",46,7,[41 24 29 94 93  9 24 76 42 41 92 88 60 98]
"[28, 46]","[-47, 47]",0,9,[88 24 92 29 42 98 76 41 93  9 41 94 60 24]
"[46, 87]","[-5, 5]",13,13,[76 29 60 41 88 93 41 92 98 24 24  9 94 42]
"[15, 54]","[-77, 77]",80,11,[92 60 93 94 76 41 88 98 29 42  9 41 24 24]
"[73, 98]","[-19, 19]",22,9,[93 98 42 41 88 29  9 41 76 24 24 94 92 60]
"[38, 90]","[-21, 21]",8,9,[ 9 93 42 29 24 24 94 98 88 60 76 41 92 41]
"[4, 86]","[-60, 60]",79,5,[98 60 24 29 76 24 41 94 42 88 92 41  9 93]
"[4, 99]","[-64, 64]",85,9,[76 24 88 93 24 41 42 60 98 29 41 92 94  9]
"[53, 94]","[-45, 45]",53,13,[41 93 29  9 41 98 42 88 94 92 24 24 60 76]
"[39, 60]","[-13, 13]",72,5,[41 42 24 94 92 24 98 76 93 29 60  9 41 88]
"[67, 69]","[-70, 70]",42,3,[76 29 94 24 60 88 42 41 98 92 93  9 41 24]
"[0, 30]","[-35, 35]",75,11,[29 92 60 76  9 93 24 42 24 98 41 41 94 88]
"[31, 85]","[-41, 41]",91,3,[88 94 41 41 24 93 76 29 60 24 92 98  9 42]
"[44, 73]","[-84, 84]",91,11,[88 94 41 41 24 93 76 29 60 24 92 98  9 42]
"[18, 31]","[-14, 14]",37,5,[93 92 76 41 94  9 42 88 41 24 60 98 24 29]
"[10, 39]","[-81, 81]",21,3,[24 93 98 60 41 42 29 41 24  9 94 92 88 76]
"[66, 97]","[-34, 34]",88,13,[93 41 98 42 76 24 29 24 60 92  9 41 94 88]
"[7, 72]","[-67, 67]",56,9,[88 29 98 41  9 41 24 24 93 76 42 94 92 60]
"[76, 86]","[-56, 56]",31,13,[29 41 41 76 60 88  9 92 24 24 98 94 93 42]
"[10, 18]","[-18, 18]",44,11,[60 88 24 93 29 76 42  9 98 94 24 41 41 92]
"[1, 25]","[-74, 74]",55,13,[24 92 42 24 94 41 41 76 29 60 88 93  9 98]
"[74, 84]","[-77, 77]",23,5,[94 41 42  9 98 92 60 93 29 24 76 88 24 41]
"[42, 75]","[-83, 83]",72,13,[41 42 24 94 92 24 98 76 93 29 60  9 41 88]
"[53, 92]","[-80, 80]",18,11,[98 92 24 76 93 24 94 29 42 41 60 88 41  9]
"[45, 97]","[-29, 29]",68,13,[98 41 76 41 60 24 29 24 88 94  9 92 93 42]
"[11, 70]","[-91, 91]",75,11,[29 92 60 76  9 93 24 42 24 98 41 41 94 88]
"[5, 18]","[-40, 40]",77,3,[98 24 42 76 41 29  9 41 94 88 60 24 92 93]
"[13, 57]","[-13, 13]",42,5,[76 29 94 24 60 88 42 41 98 92 93  9 41 24]
"[13, 14]","[-88, 88]",46,13,[41 24 29 94 93  9 24 76 42 41 92 88 60 98]
"[5, 78]","[-23, 23]",18,9,[98 92 24 76 93 24 94 29 42 41 60 88 41  9]
"[8, 25]","[-31, 31]",10,3,[41 93 24 24 88 42  9 60 29 98 41 94 92 76]
"[19, 67]","[-94, 94]",6,11,[98 24 24 93 42 88 60 29 41 94 92 41 76  9]
"[73, 79]","[-23, 23]",53,9,[41 93 29  9 41 98 42 88 94 92 24 24 60 76]
"[93, 95]","[-41, 41]",46,13,[41 24 29 94 93  9 24 76 42 41 92 88 60 98]
"[10, 26]","[-52, 52]",90,7,[41 88 24 76 98 94  9 24 60 92 93 41 42 29]
"[65, 81]","[-24, 24]",12,11,[93 76 24 60  9 94 92 88 41 42 41 24 98 29]
"[27, 51]","[-30, 30]",18,5,[98 92 24 76 93 24 94 29 42 41 60 88 41  9]
"[18, 96]","[-65, 65]",51,9,[41 88 42 93 41 92 24  9 29 24 98 94 60 76]
"[24, 86]","[-61, 61]",63,13,[60 24  9 98 76 41 88 41 94 42 93 29 92 24]
"[39, 78]","[-34, 34]",40,3,[94 98  9 41 24 92 41 42 76 88 60 93 29 24]
"[89, 90]","[-36, 36]",24,9,[29  9 98 60 24 24 92 88 76 41 93 94 41 42]
"[1, 64]","[-99, 99]",73,7,[60 76 92 29 93 24 98 41 41 88 94  9 42 24]
"[23, 38]","[-47, 47]",45,5,[76 88 24 42  9 93 98 41 92 24 60 94 41 29]
"[0, 2]","[-42, 42]",63,13,[60 24  9 98 76 41 88 41 94 42 93 29 92 24]
"[22, 96]","[-82, 82]",70,7,[41 24  9 41 76 93 98 29 60 92 94 88 42 24]
"[38, 71]","[-9, 9]",66,9,[24 41 29 98 88 94 76 42  9 60 41 93 24 92]
"[8, 83]","[-57, 57]",40,11,[94 98  9 41 24 92 41 42 76 88 60 93 29 24]
"[2, 73]","[-47, 47]",54,9,[92 24 76 41 98 24  9 29 88 94 41 93 42 60]
"[11, 43]","[-99, 99]",84,11,[41 92 93 98 29 42 24 24 94 60 88 76 41  9]
"[19, 47]","[-88, 88]",14,9,[60 41 24 41 94  9 92 42 98 76 93 24 88 29]
"[76, 78]","[-52, 52]",38,7,[24 24  9 88 94 76 93 98 42 92 41 60 29 41]
"[2, 99]","[-51, 51]",44,13,[60 88 24 93 29 76 42  9 98 94 24 41 41 92]
"[17, 79]","[-60, 60]",77,11,[98 24 42 76 41 29  9 41 94 88 60 24 92 93]
"[4, 15]","[-99, 99]",74,5,[ 9 24 42 94 88 93 41 41 60 98 92 24 76 29]
"[21, 65]","[-37, 37]",38,9,[24 24  9 88 94 76 93 98 42 92 41 60 29 41]
"[46, 51]","[-13, 13]",26,11,[93 88  9 76 92 29 42 98 41 24 41 94 24 60]
"[29, 33]","[-71, 71]",46,7,[41 24 29 94 93  9 24 76 42 41 92 88 60 98]
"[67, 91]","[-89, 89]",91,11,[88 94 41 41 24 93 76 29 60 24 92 98  9 42]
"[32, 85]","[-35, 35]",32,3,[94 98 42 24 76 41  9 92 41 88 24 60 29 93]
"[23, 90]","[-58, 58]",26,13,[93 88  9 76 92 29 42 98 41 24 41 94 24 60]
"[66, 99]","[-46, 46]",38,3,[24 24  9 88 94 76 93 98 42 92 41 60 29 41]
"[27, 74]","[-6, 6]",16,5,[93 88 41 42 29 24 94  9 24 92 41 60 98 76]
"[6, 25]","[-30, 30]",97,5,[24 41 42 94 88 29 98 92 93 60 24 76 41  9]
"[72, 84]","[-7, 7]",63,11,[60 24  9 98 76 41 88 41 94 42 93 29 92 24]
"[14, 19]","[-13, 13]",65,11,[42 92 29 41  9 94 41 76 24 24 93 98 88 60]
"[0, 19]","[-62, 62]",78,7,[29 41 42 41  9 92 98 94 24 76 88 93 24 60]
"[37, 67]","[-72, 72]",65,5,[42 92 29 41  9 94 41 76 24 24 93 98 88 60]
"[29, 93]","[-15, 15]",14,9,[60 41 24 41 94  9 92 42 98 76 93 24 88 29]
"[10, 47]","[-76, 76]",58,5,[88 29 24  9 42 24 41 92 98 60 76 93 94 41]
"[73, 89]","[-49, 49]",31,13,[29 41 41 76 60 88  9 92 24 24 98 94 93 42]
"[75, 76]","[-36, 36]",40,5,[94 98  9 41 24 92 41 42 76 88 60 93 29 24]
"[29, 42]","[-77, 77]",95,13,[ 9 24 93 29 94 41 88 92 42 60 98 41 76 24]
"[19, 66]","[-45, 45]",92,9,[60 29 92 94 41 88 76 24 93 24 42 41 98  9]
"[0, 64]","[-85, 85]",6,11,[98 24 24 93 42 88 60 29 41 94 92 41 76  9]
"[19, 32]","[-14, 14]",80,3,[92 60 93 94 76 41 88 98 29 42  9 41 24 24]
"[42, 67]","[-59, 59]",2,7,[29 92 60 94 76 41 41  9 93 24 42 24 98 88]
"[65, 72]","[-97, 97]",3,5,[93 92 41 42 98 24 60 94 29 24 41 76 88  9]
"[1, 79]","[-13, 13]",83,7,[41 60 24  9 98 92 41 29 76 94 24 88 93 42]
"[43, 65]","[-6, 6]",48,7,[60 29 24 88  9 42 93 24 76 98 92 41 41 94]
"[59, 87]","[-72, 72]",60,7,[94 92 60 76 29 42 93 24 88 41  9 24 41 98]
"[29, 77]","[-64, 64]",49,5,[41 94 24 41 93 98 29 76 42 92 24 60 88  9]
"[76, 96]","[-78, 78]",86,3,[93 98 29 24  9 24 60 42 41 76 88 41 94 92]
"[43, 69]","[-44, 44]",99,5,[94 24 93 98 24 60 92 42  9 29 88 76 41 41]
"[75, 88]","[-79, 79]",35,11,[24 92 42  9 60 98 29 41 88 94 41 93 24 76]
"[16, 71]","[-45, 45]",32,5,[94 98 42 24 76 41  9 92 41 88 24 60 29 93]
"[32, 88]","[-49, 49]",47,9,[92 60 42 24 41 29 76 94 41  9 88 98 24 93]
"[2, 13]","[-80, 80]",5,9,[60 41 93 42  9 98 29 92 88 76 94 24 24 41]
"[80, 88]","[-58, 58]",23,3,[94 41 42  9 98 92 60 93 29 24 76 88 24 41]
"[17, 63]","[-7, 7]",74,7,[ 9 24 42 94 88 93 41 41 60 98 92 24 76 29]
"[1, 41]","[-10, 10]",35,9,[24 92 42  9 60 98 29 41 88 94 41 93 24 76]
"[4, 29]","[-25, 25]",63,3,[60 24  9 98 76 41 88 41 94 42 93 29 92 24]
"[64, 66]","[-70, 70]",8,11,[ 9 93 42 29 24 24 94 98 88 60 76 41 92 41]
"[11, 23]","[-28, 28]",21,3,[24 93 98 60 41 42 29 41 24  9 94 92 88 76]
"[5, 95]","[-21, 21]",68,5,[98 41 76 41 60 24 29 24 88 94  9 92 93 42]
"[21, 28]","[-70, 70]",44,9,[60 88 24 93 29 76 42  9 98 94 24 41 41 92]
"[41, 69]","[-72, 72]",78,11,[29 41 42 41  9 92 98 94 24 76 88 93 24 60]
"[23, 69]","[-47, 47]",5,5,[60 41 93 42  9 98 29 92 88 76 94 24 24 41]
"[56, 94]","[-22, 22]",59,9,[42  9 98 92 24 88 41 29 94 76 60 93 24 41]
"[75, 91]","[-99, 99]",19,5,[ 9 24 76 41 24 94 93 29 92 41 88 42 60 98]
"[19, 77]","[-95, 95]",54,3,[92 24 76 41 98 24  9 29 88 94 41 93 42 60]
"[56, 68]","[-79, 79]",59,11,[42  9 98 92 24 88 41 29 94 76 60 93 24 41]
"[33, 92]","[-77, 77]",36,3,[ 9 29 24 41 94 92 24 93 98 76 41 88 42 60]
"[17, 77]","[-80, 80]",97,5,[24 41 42 94 88 29 98 92 93 60 24 76 41  9]
"[8, 87]","[-92, 92]",77,5,[98 24 42 76 41 29  9 41 94 88 60 24 92 93]
"[34, 92]","[-68, 68]",3,3,[93 92 41 42 98 24 60 94 29 24 41 76 88  9]
"[32, 49]","[-65, 65]",13,13,[76 29 60 41 88 93 41 92 98 24 24  9 94 42]
"[9, 31]","[-40, 40]",9,3,[98 93  9 42 94 41 92 76 41 29 88 24 60 24]
"[19, 61]","[-42, 42]",95,9,[ 9 24 93 29 94 41 88 92 42 60 98 41 76 24]
"[67, 78]","[-82, 82]",67,3,[42 76 94 92 88 29 41 24 98 93 24  9 60 41]
"[1, 10]","[-5, 5]",65,9,[42 92 29 41  9 94 41 76 24 24 93 98 88 60]
"[14, 93]","[-28, 28]",93,7,[41 42 76 93 24 24  9 94 98 41 88 92 29 60]
"[9, 43]","[-6, 6]",67,9,[42 76 94 92 88 29 41 24 98 93 24  9 60 41]
"[40, 75]","[-1, 1]",74,9,[ 9 24 42 94 88 93 41 41 60 98 92 24 76 29]
"[29, 36]","[-91, 91]",11,9,[24 41 88 60 92 24 42 98  9 93 41 29 94 76]
"[24, 64]","[-69, 69]",37,13,[93 92 76 41 94  9 42 88 41 24 60 98 24 29]
"[9, 86]","[-95, 95]",69,9,[41 88 42 60 94 24 98 41 92 93  9 76 29 24]
"[9, 90]","[-50, 50]",97,5,[24 41 42 94 88 29 98 92 93 60 24 76 41  9]
"[25, 98]","[-60, 60]",53,13,[41 93 29  9 41 98 42 88 94 92 24 24 60 76]
"[7, 17]","[-55, 55]",20,13,[98 29 88 41 60 94 42 93 24 92 76 24  9 41]
"[14, 94]","[-8, 8]",57,9,[76 24 92 41 93 29 41 94  9 42 88 98 60 24]
"[10, 24]","[-78, 78]",60,3,[94 92 60 76 29 42 93 24 88 41  9 24 41 98]
"[58, 64]","[-24, 24]",86,13,[93 98 29 24  9 24 60 42 41 76 88 41 94 92]
"[21, 58]","[-71, 71]",12,9,[93 76 24 60  9 94 92 88 41 42 41 24 98 29]
"[46, 59]","[-9, 9]",64,5,[88 42 29 76 94 60 41 98 41  9 24 93 24 92]
"[64, 93]","[-20, 20]",83,13,[41 60 24  9 98 92 41 29 76 94 24 88 93 42]
"[22, 48]","[-17, 17]",11,11,[24 41 88 60 92 24 42 98  9 93 41 29 94 76]
"[57, 90]","[-76, 76]",88,9,[93 41 98 42 76 24 29 24 60 92  9 41 94 88]
"[51, 62]","[-97, 97]",82,3,[88 93 29 60 92 41 76  9 94 24 24 98 42 41]
"[12, 75]","[-88, 88]",44,5,[60 88 24 93 29 76 42  9 98 94 24 41 41 92]
"[17, 58]","[-8, 8]",95,9,[ 9 24 93 29 94 41 88 92 42 60 98 41 76 24]
"[30, 40]","[-23, 23]",71,13,[41 60 24 92 76 94 41 24 42  9 88 93 98 29]
"[31, 36]","[-13, 13]",37,13,[93 92 76 41 94  9 42 88 41 24 60 98 24 29]
"[1, 46]","[-11, 11]",85,3,[76 24 88 93 24 41 42 60 98 29 41 92 94  9]
"[3, 97]","[-2, 2]",58,9,[88 29 24  9 42 24 41 92 98 60 76 93 94 41]
"[19, 49]","[-75, 75]",1,7,[41 93 24 42  9 92 41 24 94 98 76 88 29 60]
"[57, 65]","[-84, 84]",38,5,[24 24  9 88 94 76 93 98 42 92 41 60 29 41]
"[59, 83]","[-10, 10]",66,11,[24 41 29 98 88 94 76 42  9 60 41 93 24 92]
"[72, 74]","[-89, 89]",83,13,[41 60 24  9 98 92 41 29 76 94 24 88 93 42]
"[28, 72]","[-24, 24]",2,9,[29 92 60 94 76 41 41  9 93 24 42 24 98 88]
"[1, 52]","[-60, 60]",25,11,[94 76 41 60 29 41 24 98 88 42 93 24  9 92]
"[41, 67]","[-38, 38]",19,11,[ 9 24 76 41 24 94 93 29 92 41 88 42 60 98]
"[57, 80]","[-79, 79]",17,9,[42  9 98 41 60 88 92 93 29 94 76 24 24 41]
"[53, 72]","[-32, 32]",65,5,[42 92 29 41  9 94 41 76 24 24 93 98 88 60]
"[38, 89]","[-61, 61]",36,3,[ 9 29 24 41 94 92 24 93 98 76 41 88 42 60]
"[22, 47]","[-2, 2]",88,3,[93 41 98 42 76 24 29 24 60 92  9 41 94 88]
"[69, 95]","[-95, 95]",13,9,[76 29 60 41 88 93 41 92 98 24 24  9 94 42]
"[82, 97]","[-91, 91]",91,11,[88 94 41 41 24 93 76 29 60 24 92 98  9 42]
"[17, 44]","[-12, 12]",21,5,[24 93 98 60 41 42 29 41 24  9 94 92 88 76]
"[22, 67]","[-92, 92]",51,3,[41 88 42 93 41 92 24  9 29 24 98 94 60 76]
"[72, 80]","[-86, 86]",89,7,[29 94  9 93 98 76 41 24 42 88 60 24 92 41]
"[27, 35]","[-83, 83]",57,5,[76 24 92 41 93 29 41 94  9 42 88 98 60 24]
"[13, 96]","[-39, 39]",64,9,[88 42 29 76 94 60 41 98 41  9 24 93 24 92]
"[13, 19]","[-26, 26]",62,11,[98 94  9 24 93 24 92 29 60 41 76 41 88 42]
"[3, 14]","[-20, 20]",46,9,[41 24 29 94 93  9 24 76 42 41 92 88 60 98]
"[12, 73]","[-84, 84]",55,5,[24 92 42 24 94 41 41 76 29 60 88 93  9 98]
"[13, 74]","[-5, 5]",44,9,[60 88 24 93 29 76 42  9 98 94 24 41 41 92]
"[29, 93]","[-75, 75]",20,7,[98 29 88 41 60 94 42 93 24 92 76 24  9 41]
"[6, 55]","[-50, 50]",54,9,[92 24 76 41 98 24  9 29 88 94 41 93 42 60]
"[41, 97]","[-84, 84]",67,9,[42 76 94 92 88 29 41 24 98 93 24  9 60 41]
"[10, 28]","[-32, 32]",56,11,[88 29 98 41  9 41 24 24 93 76 42 94 92 60]
"[80, 87]","[-24, 24]",22,9,[93 98 42 41 88 29  9 41 76 24 24 94 92 60]
"[4, 8]","[-7, 7]",22,11,[93 98 42 41 88 29  9 41 76 24 24 94 92 60]
"[45, 95]","[-70, 70]",53,3,[41 93 29  9 41 98 42 88 94 92 24 24 60 76]
"[3, 14]","[-75, 75]",36,3,[ 9 29 24 41 94 92 24 93 98 76 41 88 42 60]
"[47, 82]","[-26, 26]",88,3,[93 41 98 42 76 24 29 24 60 92  9 41 94 88]
"[3, 57]","[-89, 89]",83,7,[41 60 24  9 98 92 41 29 76 94 24 88 93 42]
"[0, 57]","[-27, 27]",52,13,[88 41 76 92 41 42 98 94  9 24 93 29 24 60]
"[56, 70]","[-59, 59]",32,9,[94 98 42 24 76 41  9 92 41 88 24 60 29 93]
"[6, 25]","[-93, 93]",52,3,[88 41 76 92 41 42 98 94  9 24 93 29 24 60]
"[5, 98]","[-46, 46]",2,5,[29 92 60 94 76 41 41  9 93 24 42 24 98 88]
"[42, 84]","[-57, 57]",59,7,[42  9 98 92 24 88 41 29 94 76 60 93 24 41]
"[76, 82]","[-15, 15]",41,5,[93 88 24  9 92 29 60 76 24 41 98 42 41 94]
"[14, 54]","[-78, 78]",53,9,[41 93 29  9 41 98 42 88 94 92 24 24 60 76]
"[31, 72]","[-88, 88]",47,11,[92 60 42 24 41 29 76 94 41  9 88 98 24 93]
"[47, 66]","[-61, 61]",5,7,[60 41 93 42  9 98 29 92 88 76 94 24 24 41]
"[42, 43]","[-87, 87]",28,13,[98 42 29  9 93 88 24 41 94 92 24 60 76 41]
"[52, 78]","[-64, 64]",78,7,[29 41 42 41  9 92 98 94 24 76 88 93 24 60]
"[38, 50]","[-27, 27]",76,13,[76 29 41 24 88 92  9 60 42 98 94 24 93 41]
"[83, 97]","[-46, 46]",3,3,[93 92 41 42 98 24 60 94 29 24 41 76 88  9]
"[17, 98]","[-60, 60]",15,11,[98 42 76 92 41 24 29 41  9 94 93 24 60 88]
"[12, 68]","[-66, 66]",31,13,[29 41 41 76 60 88  9 92 24 24 98 94 93 42]
"[12, 59]","[-70, 70]",45,3,[76 88 24 42  9 93 98 41 92 24 60 94 41 29]
"[0, 13]","[-75, 75]",82,11,[88 93 29 60 92 41 76  9 94 24 24 98 42 41]
"[20, 24]","[-47, 47]",57,9,[76 24 92 41 93 29 41 94  9 42 88 98 60 24]
"[18, 19]","[-78, 78]",50,9,[24  9 76 41 42 93 88 60 24 92 41 29 98 94]
"[55, 61]","[-56, 56]",28,7,[98 42 29  9 93 88 24 41 94 92 24 60 76 41]
"[3, 40]","[-93, 93]",77,9,[98 24 42 76 41 29  9 41 94 88 60 24 92 93]
"[2, 48]","[-82, 82]",40,13,[94 98  9 41 24 92 41 42 76 88 60 93 29 24]
"[87, 91]","[-69, 69]",23,9,[94 41 42  9 98 92 60 93 29 24 76 88 24 41]
"[35, 73]","[-85, 85]",9,5,[98 93  9 42 94 41 92 76 41 29 88 24 60 24]
"[47, 67]","[-68, 68]",3,3,[93 92 41 42 98 24 60 94 29 24 41 76 88  9]
"[27, 48]","[-96, 96]",73,5,[60 76 92 29 93 24 98 41 41 88 94  9 42 24]
"[11, 38]","[-87, 87]",32,7,[94 98 42 24 76 41  9 92 41 88 24 60 29 93]
"[8, 31]","[-57, 57]",64,13,[88 42 29 76 94 60 41 98 41  9 24 93 24 92]
"[73, 76]","[-57, 57]",75,11,[29 92 60 76  9 93 24 42 24 98 41 41 94 88]
"[68, 78]","[-90, 90]",17,11,[42  9 98 41 60 88 92 93 29 94 76 24 24 41]
"[7, 64]","[-15, 15]",89,11,[29 94  9 93 98 76 41 24 42 88 60 24 92 41]
"[55, 94]","[-14, 14]",9,9,[98 93  9 42 94 41 92 76 41 29 88 24 60 24]
"[32, 39]","[-81, 81]",13,13,[76 29 60 41 88 93 41 92 98 24 24  9 94 42]
"[12, 89]","[-75, 75]",15,5,[98 42 76 92 41 24 29 41  9 94 93 24 60 88]
"[57, 95]","[-21, 21]",5,11,[60 41 93 42  9 98 29 92 88 76 94 24 24 41]
"[7, 48]","[-29, 29]",94,13,[93 92 88 76 98 41  9 24 24 41 60 94 42 29]
"[17, 94]","[-74, 74]",25,5,[94 76 41 60 29 41 24 98 88 42 93 24  9 92]
"[24, 48]","[-51, 51]",83,3,[41 60 24  9 98 92 41 29 76 94 24 88 93 42]
"[41, 69]","[-13, 13]",78,9,[29 41 42 41  9 92 98 94 24 76 88 93 24 60]
"[26, 43]","[-70, 70]",74,11,[ 9 24 42 94 88 93 41 41 60 98 92 24 76 29]
"[20, 62]","[-34, 34]",47,5,[92 60 42 24 41 29 76 94 41  9 88 98 24 93]
"[60, 92]","[-33, 33]",21,5,[24 93 98 60 41 42 29 41 24  9 94 92 88 76]
"[16, 28]","[-43, 43]",66,3,[24 41 29 98 88 94 76 42  9 60 41 93 24 92]
"[49, 81]","[-78, 78]",36,13,[ 9 29 24 41 94 92 24 93 98 76 41 88 42 60]
"[1, 67]","[-84, 84]",59,7,[42  9 98 92 24 88 41 29 94 76 60 93 24 41]
"[38, 60]","[-40, 40]",33,7,[94 24 41 76 98 29 60 24 41  9 42 88 93 92]
"[2, 90]","[-12, 12]",24,3,[29  9 98 60 24 24 92 88 76 41 93 94 41 42]
"[67, 81]","[-9, 9]",11,3,[24 41 88 60 92 24 42 98  9 93 41 29 94 76]
"[9, 94]","[-89, 89]",37,9,[93 92 76 41 94  9 42 88 41 24 60 98 24 29]
"[9, 67]","[-65, 65]",9,5,[98 93  9 42 94 41 92 76 41 29 88 24 60 24]
"[37, 99]","[-4, 4]",17,3,[42  9 98 41 60 88 92 93 29 94 76 24 24 41]
"[8, 36]","[-1, 1]",4,13,[92 41 29 76 24 98 42 94 24 88 41 60 93  9]
"[2, 66]","[-23, 23]",8,11,[ 9 93 42 29 24 24 94 98 88 60 76 41 92 41]
"[40, 97]","[-92, 92]",74,7,[ 9 24 42 94 88 93 41 41 60 98 92 24 76 29]
"[28, 59]","[-7, 7]",36,3,[ 9 29 24 41 94 92 24 93 98 76 41 88 42 60]
"[66, 77]","[-30, 30]",1,9,[41 93 24 42  9 92 41 24 94 98 76 88 29 60]
"[58, 69]","[-20, 20]",61,7,[76 88  9 98 92 24 60 93 41 29 94 24 42 41]
"[24, 55]","[-25, 25]",69,7,[41 88 42 60 94 24 98 41 92 93  9 76 29 24]
"[4, 20]","[-85, 85]",40,9,[94 98  9 41 24 92 41 42 76 88 60 93 29 24]
"[34, 35]","[-45, 45]",21,5,[24 93 98 60 41 42 29 41 24  9 94 92 88 76]
"[1, 99]","[-13, 13]",72,5,[41 42 24 94 92 24 98 76 93 29 60  9 41 88]
"[64, 79]","[-76, 76]",36,7,[ 9 29 24 41 94 92 24 93 98 76 41 88 42 60]
"[23, 60]","[-2, 2]",70,3,[41 24  9 41 76 93 98 29 60 92 94 88 42 24]
"[30, 97]","[-19, 19]",88,7,[93 41 98 42 76 24 29 24 60 92  9 41 94 88]
"[40, 91]","[-44, 44]",82,9,[88 93 29 60 92 41 76  9 94 24 24 98 42 41]
"[22, 90]","[-15, 15]",53,7,[41 93 29  9 41 98 42 88 94 92 24 24 60 76]
"[12, 26]","[-30, 30]",12,5,[93 76 24 60  9 94 92 88 41 42 41 24 98 29]
"[62, 63]","[-6, 6]",69,11,[41 88 42 60 94 24 98 41 92 93  9 76 29 24]
"[18, 44]","[-16, 16]",31,9,[29 41 41 76 60 88  9 92 24 24 98 94 93 42]
"[50, 82]","[-62, 62]",22,3,[93 98 42 41 88 29  9 41 76 24 24 94 92 60]
"[58, 74]","[-32, 32]",86,11,[93 98 29 24  9 24 60 42 41 76 88 41 94 92]
"[59, 64]","[-77, 77]",32,13,[94 98 42 24 76 41  9 92 41 88 24 60 29 93]
"[3, 42]","[-27, 27]",85,7,[76 24 88 93 24 41 42 60 98 29 41 92 94  9]
"[19, 57]","[-67, 67]",84,5,[41 92 93 98 29 42 24 24 94 60 88 76 41  9]
"[91, 95]","[-8, 8]",97,11,[24 41 42 94 88 29 98 92 93 60 24 76 41  9]
"[50, 95]","[-32, 32]",68,5,[98 41 76 41 60 24 29 24 88 94  9 92 93 42]
"[3, 50]","[-3, 3]",7,9,[24 29 42 60 94 41 98 88 93  9 41 24 76 92]
"[28, 43]","[-71, 71]",79,3,[98 60 24 29 76 24 41 94 42 88 92 41  9 93]
"[20, 42]","[-93, 93]",14,11,[60 41 24 41 94  9 92 42 98 76 93 24 88 29]
"[54, 60]","[-43, 43]",9,11,[98 93  9 42 94 41 92 76 41 29 88 24 60 24]
"[17, 26]","[-28, 28]",68,7,[98 41 76 41 60 24 29 24 88 94  9 92 93 42]
"[11, 72]","[-49, 49]",23,7,[94 41 42  9 98 92 60 93 29 24 76 88 24 41]
"[81, 95]","[-21, 21]",75,13,[29 92 60 76  9 93 24 42 24 98 41 41 94 88]
"[41, 43]","[-63, 63]",24,11,[29  9 98 60 24 24 92 88 76 41 93 94 41 42]
"[46, 73]","[-28, 28]",83,5,[41 60 24  9 98 92 41 29 76 94 24 88 93 42]
"[2, 46]","[-88, 88]",74,7,[ 9 24 42 94 88 93 41 41 60 98 92 24 76 29]
"[21, 55]","[-76, 76]",18,9,[98 92 24 76 93 24 94 29 42 41 60 88 41  9]
"[47, 57]","[-56, 56]",56,9,[88 29 98 41  9 41 24 24 93 76 42 94 92 60]
"[70, 76]","[-4, 4]",96,5,[24 94 88 93 41 60 29 42 76 41 98 24  9 92]
"[33, 74]","[-86, 86]",32,7,[94 98 42 24 76 41  9 92 41 88 24 60 29 93]
"[79, 93]","[-50, 50]",13,11,[76 29 60 41 88 93 41 92 98 24 24  9 94 42]
"[40, 73]","[-11, 11]",94,11,[93 92 88 76 98 41  9 24 24 41 60 94 42 29]
"[50, 78]","[-6, 6]",13,7,[76 29 60 41 88 93 41 92 98 24 24  9 94 42]
"[63, 98]","[-40, 40]",57,13,[76 24 92 41 93 29 41 94  9 42 88 98 60 24]
"[11, 95]","[-4, 4]",43,11,[76 93  9 98 42 24 88 29 41 24 60 41 94 92]
"[53, 84]","[-29, 29]",11,11,[24 41 88 60 92 24 42 98  9 93 41 29 94 76]
"[16, 93]","[-25, 25]",94,3,[93 92 88 76 98 41  9 24 24 41 60 94 42 29]
"[34, 36]","[-2, 2]",91,11,[88 94 41 41 24 93 76 29 60 24 92 98  9 42]
"[33, 81]","[-25, 25]",65,13,[42 92 29 41  9 94 41 76 24 24 93 98 88 60]
"[69, 72]","[-54, 54]",23,5,[94 41 42  9 98 92 60 93 29 24 76 88 24 41]
"[23, 35]","[-65, 65]",37,13,[93 92 76 41 94  9 42 88 41 24 60 98 24 29]
"[71, 80]","[-74, 74]",37,11,[93 92 76 41 94  9 42 88 41 24 60 98 24 29]
"[27, 53]","[-17, 17]",8,3,[ 9 93 42 29 24 24 94 98 88 60 76 41 92 41]
"[41, 83]","[-69, 69]",82,7,[88 93 29 60 92 41 76  9 94 24 24 98 42 41]
"[19, 63]","[-94, 94]",49,5,[41 94 24 41 93 98 29 76 42 92 24 60 88  9]
"[2, 80]","[-47, 47]",1,9,[41 93 24 42  9 92 41 24 94 98 76 88 29 60]
"[30, 61]","[-80, 80]",27,3,[93 92 98 42 24  9 41 76 60 94 29 24 88 41]
"[15, 55]","[-32, 32]",70,5,[41 24  9 41 76 93 98 29 60 92 94 88 42 24]
"[20, 69]","[-41, 41]",23,13,[94 41 42  9 98 92 60 93 29 24 76 88 24 41]
"[21, 83]","[-5, 5]",87,9,[88 60 42 76 93 92 41 94 41  9 98 24 29 24]
"[51, 99]","[-10, 10]",96,13,[24 94 88 93 41 60 29 42 76 41 98 24  9 92]
"[5, 10]","[-5, 5]",8,7,[ 9 93 42 29 24 24 94 98 88 60 76 41 92 41]
"[15, 36]","[-54, 54]",82,11,[88 93 29 60 92 41 76  9 94 24 24 98 42 41]
"[25, 31]","[-18, 18]",77,5,[98 24 42 76 41 29  9 41 94 88 60 24 92 93]
"[83, 90]","[-97, 97]",74,3,[ 9 24 42 94 88 93 41 41 60 98 92 24 76 29]
"[46, 95]","[-35, 35]",91,5,[88 94 41 41 24 93 76 29 60 24 92 98  9 42]
"[41, 55]","[-56, 56]",2,13,[29 92 60 94 76 41 41  9 93 24 42 24 98 88]
"[6, 70]","[-98, 98]",56,11,[88 29 98 41  9 41 24 24 93 76 42 94 92 60]
"[16, 53]","[-70, 70]",95,5,[ 9 24 93 29 94 41 88 92 42 60 98 41 76 24]
"[41, 84]","[-34, 34]",57,3,[76 24 92 41 93 29 41 94  9 42 88 98 60 24]
"[18, 41]","[-84, 84]",48,13,[60 29 24 88  9 42 93 24 76 98 92 41 41 94]
"[39, 90]","[-50, 50]",71,5,[41 60 24 92 76 94 41 24 42  9 88 93 98 29]
"[0, 14]","[-77, 77]",28,3,[98 42 29  9 93 88 24 41 94 92 24 60 76 41]
"[24, 35]","[-66, 66]",7,13,[24 29 42 60 94 41 98 88 93  9 41 24 76 92]
"[7, 76]","[-68, 68]",49,3,[41 94 24 41 93 98 29 76 42 92 24 60 88  9]
"[20, 39]","[-67, 67]",63,5,[60 24  9 98 76 41 88 41 94 42 93 29 92 24]
"[42, 83]","[-98, 98]",24,13,[29  9 98 60 24 24 92 88 76 41 93 94 41 42]
"[33, 88]","[-50, 50]",29,13,[92 93 24 29  9 24 98 76 41 94 88 42 41 60]
"[6, 38]","[-42, 42]",40,3,[94 98  9 41 24 92 41 42 76 88 60 93 29 24]
"[0, 56]","[-6, 6]",83,7,[41 60 24  9 98 92 41 29 76 94 24 88 93 42]
"[20, 53]","[-47, 47]",3,3,[93 92 41 42 98 24 60 94 29 24 41 76 88  9]
"[59, 83]","[-72, 72]",50,7,[24  9 76 41 42 93 88 60 24 92 41 29 98 94]
"[21, 80]","[-73, 73]",58,13,[88 29 24  9 42 24 41 92 98 60 76 93 94 41]
"[85, 88]","[-21, 21]",31,13,[29 41 41 76 60 88  9 92 24 24 98 94 93 42]
"[27, 56]","[-19, 19]",72,3,[41 42 24 94 92 24 98 76 93 29 60  9 41 88]
"[26, 49]","[-26, 26]",60,7,[94 92 60 76 29 42 93 24 88 41  9 24 41 98]
"[42, 53]","[-78, 78]",23,13,[94 41 42  9 98 92 60 93 29 24 76 88 24 41]
"[1, 81]","[-80, 80]",83,7,[41 60 24  9 98 92 41 29 76 94 24 88 93 42]
"[11, 28]","[-22, 22]",83,5,[41 60 24  9 98 92 41 29 76 94 24 88 93 42]
"[51, 59]","[-47, 47]",8,7,[ 9 93 42 29 24 24 94 98 88 60 76 41 92 41]
"[64, 82]","[-56, 56]",21,9,[24 93 98 60 41 42 29 41 24  9 94 92 88 76]
"[15, 57]","[-43, 43]",10,7,[41 93 24 24 88 42  9 60 29 98 41 94 92 76]
"[6, 63]","[-71, 71]",23,13,[94 41 42  9 98 92 60 93 29 24 76 88 24 41]
"[52, 60]","[-17, 17]",84,5,[41 92 93 98 29 42 24 24 94 60 88 76 41  9]
"[2, 77]","[-97, 97]",99,9,[94 24 93 98 24 60 92 42  9 29 88 76 41 41]
"[2, 88]","[-45, 45]",47,9,[92 60 42 24 41 29 76 94 41  9 88 98 24 93]
"[67, 70]","[-24, 24]",66,5,[24 41 29 98 88 94 76 42  9 60 41 93 24 92]
"[47, 53]","[-7, 7]",31,13,[29 41 41 76 60 88  9 92 24 24 98 94 93 42]
"[33, 36]","[-35, 35]",96,9,[24 94 88 93 41 60 29 42 76 41 98 24  9 92]
"[9, 32]","[-36, 36]",75,13,[29 92 60 76  9 93 24 42 24 98 41 41 94 88]
"[38, 95]","[-60, 60]",17,11,[42  9 98 41 60 88 92 93 29 94 76 24 24 41]
"[6, 40]","[-37, 37]",97,5,[24 41 42 94 88 29 98 92 93 60 24 76 41  9]
"[12, 92]","[-45, 45]",60,11,[94 92 60 76 29 42 93 24 88 41  9 24 41 98]
"[39, 63]","[-14, 14]",46,3,[41 24 29 94 93  9 24 76 42 41 92 88 60 98]
"[6, 40]","[-40, 40]",14,9,[60 41 24 41 94  9 92 42 98 76 93 24 88 29]
"[48, 81]","[-58, 58]",45,3,[76 88 24 42  9 93 98 41 92 24 60 94 41 29]
"[19, 86]","[-69, 69]",41,5,[93 88 24  9 92 29 60 76 24 41 98 42 41 94]
"[2, 12]","[-38, 38]",84,7,[41 92 93 98 29 42 24 24 94 60 88 76 41  9]
"[82, 83]","[-39, 39]",82,11,[88 93 29 60 92 41 76  9 94 24 24 98 42 41]
"[74, 87]","[-91, 91]",54,13,[92 24 76 41 98 24  9 29 88 94 41 93 42 60]
"[31, 84]","[-11, 11]",68,13,[98 41 76 41 60 24 29 24 88 94  9 92 93 42]
"[85, 86]","[-27, 27]",95,9,[ 9 24 93 29 94 41 88 92 42 60 98 41 76 24]
"[32, 57]","[-61, 61]",36,3,[ 9 29 24 41 94 92 24 93 98 76 41 88 42 60]
"[41, 66]","[-34, 34]",38,7,[24 24  9 88 94 76 93 98 42 92 41 60 29 41]
"[59, 76]","[-30, 30]",70,7,[41 24  9 41 76 93 98 29 60 92 94 88 42 24]
"[64, 82]","[-55, 55]",56,7,[88 29 98 41  9 41 24 24 93 76 42 94 92 60]
"[3, 52]","[-9, 9]",17,3,[42  9 98 41 60 88 92 93 29 94 76 24 24 41]
"[45, 57]","[-80, 80]",5,5,[60 41 93 42  9 98 29 92 88 76 94 24 24 41]
"[37, 54]","[-57, 57]",20,11,[98 29 88 41 60 94 42 93 24 92 76 24  9 41]
"[60, 88]","[-30, 30]",92,7,[60 29 92 94 41 88 76 24 93 24 42 41 98  9]
"[26, 53]","[-25, 25]",45,7,[76 88 24 42  9 93 98 41 92 24 60 94 41 29]
"[27, 65]","[-90, 90]",64,7,[88 42 29 76 94 60 41 98 41  9 24 93 24 92]
"[46, 52]","[-31, 31]",61,9,[76 88  9 98 92 24 60 93 41 29 94 24 42 41]
"[3, 35]","[-57, 57]",98,13,[94 60 88 41 42 24 24 93 29 41 76 92 98  9]
"[53, 63]","[-98, 98]",43,7,[76 93  9 98 42 24 88 29 41 24 60 41 94 92]
"[31, 71]","[-8, 8]",79,5,[98 60 24 29 76 24 41 94 42 88 92 41  9 93]
"[3, 25]","[-4, 4]",3,11,[93 92 41 42 98 24 60 94 29 24 41 76 88  9]
"[10, 94]","[-28, 28]",44,7,[60 88 24 93 29 76 42  9 98 94 24 41 41 92]
"[26, 30]","[-58, 58]",18,5,[98 92 24 76 93 24 94 29 42 41 60 88 41  9]
"[60, 65]","[-32, 32]",93,9,[41 42 76 93 24 24  9 94 98 41 88 92 29 60]
"[12, 21]","[-68, 68]",2,3,[29 92 60 94 76 41 41  9 93 24 42 24 98 88]
"[46, 52]","[-74, 74]",22,11,[93 98 42 41 88 29  9 41 76 24 24 94 92 60]
"[56, 71]","[-32, 32]",97,11,[24 41 42 94 88 29 98 92 93 60 24 76 41  9]
"[59, 60]","[-70, 70]",6,9,[98 24 24 93 42 88 60 29 41 94 92 41 76  9]
"[51, 82]","[-96, 96]",20,7,[98 29 88 41 60 94 42 93 24 92 76 24  9 41]
"[97, 98]","[-76, 76]",90,13,[41 88 24 76 98 94  9 24 60 92 93 41 42 29]
"[34, 81]","[-8, 8]",88,3,[93 41 98 42 76 24 29 24 60 92  9 41 94 88]
"[17, 60]","[-48, 48]",38,9,[24 24  9 88 94 76 93 98 42 92 41 60 29 41]
"[29, 30]","[-18, 18]",50,3,[24  9 76 41 42 93 88 60 24 92 41 29 98 94]
"[40, 90]","[-43, 43]",78,13,[29 41 42 41  9 92 98 94 24 76 88 93 24 60]
"[35, 69]","[-25, 25]",1,13,[41 93 24 42  9 92 41 24 94 98 76 88 29 60]
"[6, 60]","[-67, 67]",75,3,[29 92 60 76  9 93 24 42 24 98 41 41 94 88]
"[13, 95]","[-3, 3]",50,3,[24  9 76 41 42 93 88 60 24 92 41 29 98 94]
"[0, 27]","[-19, 19]",81,11,[24 92 94 93  9 29 42 60 76 24 98 88 41 41]
"[64, 95]","[-94, 94]",43,7,[76 93  9 98 42 24 88 29 41 24 60 41 94 92]
"[63, 93]","[-33, 33]",43,13,[76 93  9 98 42 24 88 29 41 24 60 41 94 92]
"[25, 40]","[-75, 75]",3,9,[93 92 41 42 98 24 60 94 29 24 41 76 88  9]
"[48, 79]","[-82, 82]",77,7,[98 24 42 76 41 29  9 41 94 88 60 24 92 93]
"[33, 82]","[-97, 97]",82,3,[88 93 29 60 92 41 76  9 94 24 24 98 42 41]
"[26, 43]","[-87, 87]",0,13,[88 24 92 29 42 98 76 41 93  9 41 94 60 24]
"[1, 91]","[-12, 12]",48,11,[60 29 24 88  9 42 93 24 76 98 92 41 41 94]
"[53, 65]","[-44, 44]",44,11,[60 88 24 93 29 76 42  9 98 94 24 41 41 92]
"[20, 81]","[-6, 6]",1,13,[41 93 24 42  9 92 41 24 94 98 76 88 29 60]
"[54, 89]","[-14, 14]",60,9,[94 92 60 76 29 42 93 24 88 41  9 24 41 98]
"[55, 59]","[-15, 15]",18,3,[98 92 24 76 93 24 94 29 42 41 60 88 41  9]
"[89, 97]","[-62, 62]",1,13,[41 93 24 42  9 92 41 24 94 98 76 88 29 60]
"[89, 96]","[-79, 79]",37,7,[93 92 76 41 94  9 42 88 41 24 60 98 24 29]
"[67, 83]","[-55, 55]",80,13,[92 60 93 94 76 41 88 98 29 42  9 41 24 24]
"[46, 92]","[-24, 24]",77,7,[98 24 42 76 41 29  9 41 94 88 60 24 92 93]
"[45, 99]","[-21, 21]",6,5,[98 24 24 93 42 88 60 29 41 94 92 41 76  9]
"[45, 93]","[-5, 5]",17,11,[42  9 98 41 60 88 92 93 29 94 76 24 24 41]
"[3, 40]","[-62, 62]",39,11,[42 60 41 88 29  9 93 41 24 92 94 24 98 76]
"[40, 64]","[-75, 75]",18,7,[98 92 24 76 93 24 94 29 42 41 60 88 41  9]
"[76, 96]","[-30, 30]",47,9,[92 60 42 24 41 29 76 94 41  9 88 98 24 93]
"[41, 82]","[-62, 62]",28,13,[98 42 29  9 93 88 24 41 94 92 24 60 76 41]
"[78, 94]","[-40, 40]",17,11,[42  9 98 41 60 88 92 93 29 94 76 24 24 41]
"[53, 76]","[-38, 38]",73,7,[60 76 92 29 93 24 98 41 41 88 94  9 42 24]
"[10, 64]","[-58, 58]",59,5,[42  9 98 92 24 88 41 29 94 76 60 93 24 41]
"[64, 68]","[-73, 73]",64,13,[88 42 29 76 94 60 41 98 41  9 24 93 24 92]
"[2, 51]","[-27, 27]",88,11,[93 41 98 42 76 24 29 24 60 92  9 41 94 88]
"[88, 94]","[-48, 48]",41,3,[93 88 24  9 92 29 60 76 24 41 98 42 41 94]
"[46, 54]","[-47, 47]",68,11,[98 41 76 41 60 24 29 24 88 94  9 92 93 42]
"[9, 43]","[-73, 73]",78,7,[29 41 42 41  9 92 98 94 24 76 88 93 24 60]
"[7, 66]","[-89, 89]",28,11,[98 42 29  9 93 88 24 41 94 92 24 60 76 41]
"[9, 12]","[-96, 96]",22,3,[93 98 42 41 88 29  9 41 76 24 24 94 92 60]
"[6, 97]","[-11, 11]",98,3,[94 60 88 41 42 24 24 93 29 41 76 92 98  9]
"[13, 22]","[-74, 74]",93,5,[41 42 76 93 24 24  9 94 98 41 88 92 29 60]
"[66, 98]","[-12, 12]",68,13,[98 41 76 41 60 24 29 24 88 94  9 92 93 42]
"[47, 56]","[-38, 38]",54,11,[92 24 76 41 98 24  9 29 88 94 41 93 42 60]
"[6, 14]","[-58, 58]",73,3,[60 76 92 29 93 24 98 41 41 88 94  9 42 24]
"[59, 60]","[-71, 71]",20,5,[98 29 88 41 60 94 42 93 24 92 76 24  9 41]
"[51, 81]","[-53, 53]",25,9,[94 76 41 60 29 41 24 98 88 42 93 24  9 92]
"[31, 86]","[-96, 96]",89,7,[29 94  9 93 98 76 41 24 42 88 60 24 92 41]
"[10, 47]","[-82, 82]",41,11,[93 88 24  9 92 29 60 76 24 41 98 42 41 94]
"[4, 97]","[-50, 50]",67,11,[42 76 94 92 88 29 41 24 98 93 24  9 60 41]
"[62, 93]","[-21, 21]",58,3,[88 29 24  9 42 24 41 92 98 60 76 93 94 41]
"[60, 65]","[-32, 32]",81,11,[24 92 94 93  9 29 42 60 76 24 98 88 41 41]
"[39, 49]","[-87, 87]",99,9,[94 24 93 98 24 60 92 42  9 29 88 76 41 41]
"[84, 94]","[-58, 58]",2,3,[29 92 60 94 76 41 41  9 93 24 42 24 98 88]
"[69, 83]","[-5, 5]",93,13,[41 42 76 93 24 24  9 94 98 41 88 92 29 60]
"[10, 53]","[-42, 42]",48,9,[60 29 24 88  9 42 93 24 76 98 92 41 41 94]
"[48, 71]","[-45, 45]",64,11,[88 42 29 76 94 60 41 98 41  9 24 93 24 92]
"[46, 62]","[-80, 80]",22,11,[93 98 42 41 88 29  9 41 76 24 24 94 92 60]
"[69, 94]","[-22, 22]",18,5,[98 92 24 76 93 24 94 29 42 41 60 88 41  9]
"[32, 97]","[-82, 82]",43,11,[76 93  9 98 42 24 88 29 41 24 60 41 94 92]
"[36, 96]","[-71, 71]",60,5,[94 92 60 76 29 42 93 24 88 41  9 24 41 98]
"[24, 97]","[-12, 12]",72,9,[41 42 24 94 92 24 98 76 93 29 60  9 41 88]
"[91, 94]","[-1, 1]",18,11,[98 92 24 76 93 24 94 29 42 41 60 88 41  9]
"[63, 75]","[-53, 53]",71,5,[41 60 24 92 76 94 41 24 42  9 88 93 98 29]
"[23, 81]","[-72, 72]",94,9,[93 92 88 76 98 41  9 24 24 41 60 94 42 29]
"[7, 33]","[-18, 18]",69,5,[41 88 42 60 94 24 98 41 92 93  9 76 29 24]
"[0, 75]","[-47, 47]",85,3,[76 24 88 93 24 41 42 60 98 29 41 92 94  9]
"[72, 80]","[-88, 88]",29,9,[92 93 24 29  9 24 98 76 41 94 88 42 41 60]
"[63, 91]","[-83, 83]",42,7,[76 29 94 24 60 88 42 41 98 92 93  9 41 24]
"[6, 27]","[-31, 31]",83,13,[41 60 24  9 98 92 41 29 76 94 24 88 93 42]
"[75, 79]","[-96, 96]",7,13,[24 29 42 60 94 41 98 88 93  9 41 24 76 92]
"[2, 3]","[-47, 47]",65,13,[42 92 29 41  9 94 41 76 24 24 93 98 88 60]
"[47, 88]","[-94, 94]",54,11,[92 24 76 41 98 24  9 29 88 94 41 93 42 60]
"[77, 89]","[-58, 58]",29,9,[92 93 24 29  9 24 98 76 41 94 88 42 41 60]
"[74, 98]","[-81, 81]",28,11,[98 42 29  9 93 88 24 41 94 92 24 60 76 41]
"[36, 96]","[-55, 55]",95,3,[ 9 24 93 29 94 41 88 92 42 60 98 41 76 24]
"[9, 87]","[-93, 93]",25,13,[94 76 41 60 29 41 24 98 88 42 93 24  9 92]
"[12, 35]","[-25, 25]",35,9,[24 92 42  9 60 98 29 41 88 94 41 93 24 76]
"[14, 15]","[-46, 46]",43,13,[76 93  9 98 42 24 88 29 41 24 60 41 94 92]
"[28, 87]","[-69, 69]",17,7,[42  9 98 41 60 88 92 93 29 94 76 24 24 41]
"[49, 83]","[-22, 22]",55,5,[24 92 42 24 94 41 41 76 29 60 88 93  9 98]
"[2, 89]","[-96, 96]",39,11,[42 60 41 88 29  9 93 41 24 92 94 24 98 76]
"[0, 67]","[-53, 53]",31,9,[29 41 41 76 60 88  9 92 24 24 98 94 93 42]
"[23, 53]","[-25, 25]",66,3,[24 41 29 98 88 94 76 42  9 60 41 93 24 92]
"[1, 92]","[-13, 13]",16,3,[93 88 41 42 29 24 94  9 24 92 41 60 98 76]
"[37, 70]","[-85, 85]",12,11,[93 76 24 60  9 94 92 88 41 42 41 24 98 29]
"[13, 32]","[-74, 74]",80,11,[92 60 93 94 76 41 88 98 29 42  9 41 24 24]
"[54, 79]","[-99, 99]",48,11,[60 29 24 88  9 42 93 24 76 98 92 41 41 94]
"[0, 11]","[-14, 14]",44,5,[60 88 24 93 29 76 42  9 98 94 24 41 41 92]
"[52, 74]","[-43, 43]",37,13,[93 92 76 41 94  9 42 88 41 24 60 98 24 29]
"[34, 56]","[-93, 93]",46,3,[41 24 29 94 93  9 24 76 42 41 92 88 60 98]
"[77, 96]","[-51, 51]",84,7,[41 92 93 98 29 42 24 24 94 60 88 76 41  9]
"[21, 45]","[-53, 53]",79,7,[98 60 24 29 76 24 41 94 42 88 92 41  9 93]
"[36, 54]","[-20, 20]",56,13,[88 29 98 41  9 41 24 24 93 76 42 94 92 60]
"[30, 58]","[-88, 88]",8,7,[ 9 93 42 29 24 24 94 98 88 60 76 41 92 41]
"[32, 35]","[-37, 37]",24,13,[29  9 98 60 24 24 92 88 76 41 93 94 41 42]
"[19, 83]","[-99, 99]",3,9,[93 92 41 42 98 24 60 94 29 24 41 76 88  9]
"[49, 88]","[-93, 93]",91,9,[88 94 41 41 24 93 76 29 60 24 92 98  9 42]
"[9, 83]","[-68, 68]",86,13,[93 98 29 24  9 24 60 42 41 76 88 41 94 92]
"[5, 8]","[-51, 51]",41,9,[93 88 24  9 92 29 60 76 24 41 98 42 41 94]
"[44, 52]","[-69, 69]",7,3,[24 29 42 60 94 41 98 88 93  9 41 24 76 92]
"[78, 98]","[-29, 29]",80,3,[92 60 93 94 76 41 88 98 29 42  9 41 24 24]
"[13, 66]","[-88, 88]",88,9,[93 41 98 42 76 24 29 24 60 92  9 41 94 88]
"[31, 74]","[-67, 67]",7,5,[24 29 42 60 94 41 98 88 93  9 41 24 76 92]
"[44, 57]","[-79, 79]",11,9,[24 41 88 60 92 24 42 98  9 93 41 29 94 76]
"[4, 16]","[-89, 89]",16,3,[93 88 41 42 29 24 94  9 24 92 41 60 98 76]
"[33, 49]","[-12, 12]",22,13,[93 98 42 41 88 29  9 41 76 24 24 94 92 60]
"[55, 79]","[-13, 13]",60,5,[94 92 60 76 29 42 93 24 88 41  9 24 41 98]
"[49, 78]","[-28, 28]",44,3,[60 88 24 93 29 76 42  9 98 94 24 41 41 92]
"[50, 90]","[-82, 82]",96,13,[24 94 88 93 41 60 29 42 76 41 98 24  9 92]
"[2, 58]","[-75, 75]",40,3,[94 98  9 41 24 92 41 42 76 88 60 93 29 24]
"[24, 53]","[-94, 94]",88,13,[93 41 98 42 76 24 29 24 60 92  9 41 94 88]
"[54, 58]","[-62, 62]",54,11,[92 24 76 41 98 24  9 29 88 94 41 93 42 60]
"[34, 35]","[-49, 49]",8,9,[ 9 93 42 29 24 24 94 98 88 60 76 41 92 41]
"[45, 76]","[-49, 49]",13,9,[76 29 60 41 88 93 41 92 98 24 24  9 94 42]
"[8, 48]","[-84, 84]",2,7,[29 92 60 94 76 41 41  9 93 24 42 24 98 88]
"[22, 48]","[-12, 12]",64,3,[88 42 29 76 94 60 41 98 41  9 24 93 24 92]
"[37, 61]","[-36, 36]",96,9,[24 94 88 93 41 60 29 42 76 41 98 24  9 92]
"[79, 84]","[-85, 85]",28,3,[98 42 29  9 93 88 24 41 94 92 24 60 76 41]
"[1, 88]","[-56, 56]",43,5,[76 93  9 98 42 24 88 29 41 24 60 41 94 92]
"[17, 55]","[-81, 81]",80,5,[92 60 93 94 76 41 88 98 29 42  9 41 24 24]
"[11, 79]","[-40, 40]",89,13,[29 94  9 93 98 76 41 24 42 88 60 24 92 41]
"[0, 4]","[-72, 72]",51,9,[41 88 42 93 41 92 24  9 29 24 98 94 60 76]
"[43, 92]","[-90, 90]",82,3,[88 93 29 60 92 41 76  9 94 24 24 98 42 41]
"[39, 49]","[-17, 17]",41,13,[93 88 24  9 92 29 60 76 24 41 98 42 41 94]
"[71, 99]","[-36, 36]",23,11,[94 41 42  9 98 92 60 93 29 24 76 88 24 41]
"[35, 72]","[-32, 32]",22,3,[93 98 42 41 88 29  9 41 76 24 24 94 92 60]
"[4, 5]","[-8, 8]",53,13,[41 93 29  9 41 98 42 88 94 92 24 24 60 76]
"[67, 84]","[-92, 92]",23,9,[94 41 42  9 98 92 60 93 29 24 76 88 24 41]
"[8, 86]","[-4, 4]",48,13,[60 29 24 88  9 42 93 24 76 98 92 41 41 94]
"[94, 98]","[-79, 79]",24,9,[29  9 98 60 24 24 92 88 76 41 93 94 41 42]
"[11, 28]","[-86, 86]",64,5,[88 42 29 76 94 60 41 98 41  9 24 93 24 92]
"[18, 41]","[-29, 29]",38,3,[24 24  9 88 94 76 93 98 42 92 41 60 29 41]
"[47, 78]","[-69, 69]",3,9,[93 92 41 42 98 24 60 94 29 24 41 76 88  9]
"[22, 76]","[-17, 17]",86,3,[93 98 29 24  9 24 60 42 41 76 88 41 94 92]
"[68, 85]","[-60, 60]",3,7,[93 92 41 42 98 24 60 94 29 24 41 76 88  9]
"[36, 96]","[-34, 34]",46,3,[41 24 29 94 93  9 24 76 42 41 92 88 60 98]
"[0, 68]","[-65, 65]",56,9,[88 29 98 41  9 41 24 24 93 76 42 94 92 60]
"[37, 41]","[-14, 14]",21,7,[24 93 98 60 41 42 29 41 24  9 94 92 88 76]
"[11, 43]","[-98, 98]",31,13,[29 41 41 76 60 88  9 92 24 24 98 94 93 42]
"[51, 77]","[-17, 17]",2,5,[29 92 60 94 76 41 41  9 93 24 42 24 98 88]
"[70, 84]","[-29, 29]",50,13,[24  9 76 41 42 93 88 60 24 92 41 29 98 94]
"[58, 87]","[-71, 71]",82,13,[88 93 29 60 92 41 76  9 94 24 24 98 42 41]
"[33, 91]","[-49, 49]",86,9,[93 98 29 24  9 24 60 42 41 76 88 41 94 92]
"[44, 50]","[-74, 74]",21,9,[24 93 98 60 41 42 29 41 24  9 94 92 88 76]
"[77, 93]","[-66, 66]",4,13,[92 41 29 76 24 98 42 94 24 88 41 60 93  9]
"[33, 70]","[-81, 81]",61,5,[76 88  9 98 92 24 60 93 41 29 94 24 42 41]
"[49, 51]","[-63, 63]",58,7,[88 29 24  9 42 24 41 92 98 60 76 93 94 41]
"[23, 39]","[-13, 13]",70,7,[41 24  9 41 76 93 98 29 60 92 94 88 42 24]
"[28, 67]","[-93, 93]",49,9,[41 94 24 41 93 98 29 76 42 92 24 60 88  9]
"[8, 92]","[-40, 40]",29,3,[92 93 24 29  9 24 98 76 41 94 88 42 41 60]
"[75, 85]","[-27, 27]",20,13,[98 29 88 41 60 94 42 93 24 92 76 24  9 41]
"[24, 49]","[-7, 7]",42,7,[76 29 94 24 60 88 42 41 98 92 93  9 41 24]
"[3, 58]","[-72, 72]",53,11,[41 93 29  9 41 98 42 88 94 92 24 24 60 76]
"[33, 35]","[-79, 79]",95,3,[ 9 24 93 29 94 41 88 92 42 60 98 41 76 24]
"[6, 9]","[-33, 33]",17,7,[42  9 98 41 60 88 92 93 29 94 76 24 24 41]
"[35, 62]","[-54, 54]",12,7,[93 76 24 60  9 94 92 88 41 42 41 24 98 29]
"[3, 80]","[-71, 71]",80,9,[92 60 93 94 76 41 88 98 29 42  9 41 24 24]
"[65, 79]","[-84, 84]",79,9,[98 60 24 29 76 24 41 94 42 88 92 41  9 93]
"[6, 20]","[-43, 43]",53,9,[41 93 29  9 41 98 42 88 94 92 24 24 60 76]
"[8, 86]","[-97, 97]",21,13,[24 93 98 60 41 42 29 41 24  9 94 92 88 76]
"[33, 89]","[-86, 86]",59,7,[42  9 98 92 24 88 41 29 94 76 60 93 24 41]
"[30, 51]","[-52, 52]",97,3,[24 41 42 94 88 29 98 92 93 60 24 76 41  9]
"[58, 64]","[-54, 54]",75,11,[29 92 60 76  9 93 24 42 24 98 41 41 94 88]
"[23, 91]","[-98, 98]",46,13,[41 24 29 94 93  9 24 76 42 41 92 88 60 98]
"[23, 55]","[-86, 86]",30,3,[94 76 29 88 24  9 41 41 24 42 93 92 98 60]
"[5, 44]","[-39, 39]",94,7,[93 92 88 76 98 41  9 24 24 41 60 94 42 29]
"[59, 76]","[-32, 32]",55,3,[24 92 42 24 94 41 41 76 29 60 88 93  9 98]
"[17, 97]","[-54, 54]",15,9,[98 42 76 92 41 24 29 41  9 94 93 24 60 88]
"[58, 94]","[-22, 22]",3,9,[93 92 41 42 98 24 60 94 29 24 41 76 88  9]
"[30, 63]","[-82, 82]",86,7,[93 98 29 24  9 24 60 42 41 76 88 41 94 92]
"[7, 73]","[-72, 72]",86,13,[93 98 29 24  9 24 60 42 41 76 88 41 94 92]
"[34, 45]","[-4, 4]",81,13,[24 92 94 93  9 29 42 60 76 24 98 88 41 41]
"[49, 84]","[-98, 98]",78,7,[29 41 42 41  9 92 98 94 24 76 88 93 24 60]
"[19, 26]","[-86, 86]",56,5,[88 29 98 41  9 41 24 24 93 76 42 94 92 60]
"[44, 79]","[-8, 8]",53,9,[41 93 29  9 41 98 42 88 94 92 24 24 60 76]
"[32, 90]","[-58, 58]",86,11,[93 98 29 24  9 24 60 42 41 76 88 41 94 92]
"[28, 46]","[-39, 39]",94,5,[93 92 88 76 98 41  9 24 24 41 60 94 42 29]
"[49, 58]","[-54, 54]",28,5,[98 42 29  9 93 88 24 41 94 92 24 60 76 41]
"[2, 16]","[-71, 71]",88,11,[93 41 98 42 76 24 29 24 60 92  9 41 94 88]
"[39, 67]","[-36, 36]",60,11,[94 92 60 76 29 42 93 24 88 41  9 24 41 98]
"[6, 15]","[-16, 16]",76,9,[76 29 41 24 88 92  9 60 42 98 94 24 93 41]
"[86, 91]","[-18, 18]",10,3,[41 93 24 24 88 42  9 60 29 98 41 94 92 76]
"[55, 92]","[-13, 13]",9,7,[98 93  9 42 94 41 92 76 41 29 88 24 60 24]
"[22, 30]","[-8, 8]",18,9,[98 92 24 76 93 24 94 29 42 41 60 88 41  9]
"[1, 74]","[-71, 71]",17,9,[42  9 98 41 60 88 92 93 29 94 76 24 24 41]
"[34, 88]","[-76, 76]",55,11,[24 92 42 24 94 41 41 76 29 60 88 93  9 98]
"[15, 19]","[-10, 10]",27,3,[93 92 98 42 24  9 41 76 60 94 29 24 88 41]
"[61, 80]","[-19, 19]",16,3,[93 88 41 42 29 24 94  9 24 92 41 60 98 76]
"[18, 99]","[-67, 67]",40,11,[94 98  9 41 24 92 41 42 76 88 60 93 29 24]
"[65, 99]","[-74, 74]",3,5,[93 92 41 42 98 24 60 94 29 24 41 76 88  9]
"[47, 64]","[-35, 35]",32,13,[94 98 42 24 76 41  9 92 41 88 24 60 29 93]
"[7, 60]","[-84, 84]",91,3,[88 94 41 41 24 93 76 29 60 24 92 98  9 42]
"[25, 87]","[-91, 91]",90,7,[41 88 24 76 98 94  9 24 60 92 93 41 42 29]
"[31, 81]","[-18, 18]",20,11,[98 29 88 41 60 94 42 93 24 92 76 24  9 41]
"[31, 89]","[-31, 31]",56,13,[88 29 98 41  9 41 24 24 93 76 42 94 92 60]
"[1, 6]","[-23, 23]",4,11,[92 41 29 76 24 98 42 94 24 88 41 60 93  9]
"[18, 30]","[-93, 93]",66,3,[24 41 29 98 88 94 76 42  9 60 41 93 24 92]
"[44, 52]","[-85, 85]",48,11,[60 29 24 88  9 42 93 24 76 98 92 41 41 94]
"[28, 86]","[-77, 77]",76,3,[76 29 41 24 88 92  9 60 42 98 94 24 93 41]
"[26, 54]","[-58, 58]",7,7,[24 29 42 60 94 41 98 88 93  9 41 24 76 92]
"[38, 81]","[-39, 39]",82,7,[88 93 29 60 92 41 76  9 94 24 24 98 42 41]
"[4, 97]","[-90, 90]",47,7,[92 60 42 24 41 29 76 94 41  9 88 98 24 93]
"[1, 63]","[-70, 70]",17,7,[42  9 98 41 60 88 92 93 29 94 76 24 24 41]
"[4, 23]","[-79, 79]",58,9,[88 29 24  9 42 24 41 92 98 60 76 93 94 41]
"[68, 69]","[-10, 10]",44,9,[60 88 24 93 29 76 42  9 98 94 24 41 41 92]
"[62, 70]","[-42, 42]",7,11,[24 29 42 60 94 41 98 88 93  9 41 24 76 92]
"[23, 82]","[-75, 75]",74,13,[ 9 24 42 94 88 93 41 41 60 98 92 24 76 29]
"[9, 23]","[-27, 27]",24,5,[29  9 98 60 24 24 92 88 76 41 93 94 41 42]
"[59, 69]","[-90, 90]",27,13,[93 92 98 42 24  9 41 76 60 94 29 24 88 41]
"[14, 78]","[-37, 37]",21,13,[24 93 98 60 41 42 29 41 24  9 94 92 88 76]
"[42, 50]","[-35, 35]",66,7,[24 41 29 98 88 94 76 42  9 60 41 93 24 92]
"[43, 52]","[-65, 65]",84,11,[41 92 93 98 29 42 24 24 94 60 88 76 41  9]
"[7, 91]","[-32, 32]",78,11,[29 41 42 41  9 92 98 94 24 76 88 93 24 60]
"[2, 79]","[-90, 90]",99,9,[94 24 93 98 24 60 92 42  9 29 88 76 41 41]
"[7, 77]","[-13, 13]",68,11,[98 41 76 41 60 24 29 24 88 94  9 92 93 42]
"[11, 29]","[-18, 18]",30,9,[94 76 29 88 24  9 41 41 24 42 93 92 98 60]
"[3, 86]","[-90, 90]",96,9,[24 94 88 93 41 60 29 42 76 41 98 24  9 92]
"[16, 33]","[-39, 39]",88,13,[93 41 98 42 76 24 29 24 60 92  9 41 94 88]
"[52, 61]","[-89, 89]",41,11,[93 88 24  9 92 29 60 76 24 41 98 42 41 94]
"[44, 50]","[-5, 5]",31,11,[29 41 41 76 60 88  9 92 24 24 98 94 93 42]
"[26, 68]","[-25, 25]",17,3,[42  9 98 41 60 88 92 93 29 94 76 24 24 41]
"[39, 81]","[-63, 63]",22,3,[93 98 42 41 88 29  9 41 76 24 24 94 92 60]
"[29, 87]","[-9, 9]",77,3,[98 24 42 76 41 29  9 41 94 88 60 24 92 93]
"[20, 41]","[-43, 43]",22,11,[93 98 42 41 88 29  9 41 76 24 24 94 92 60]
"[61, 89]","[-13, 13]",77,9,[98 24 42 76 41 29  9 41 94 88 60 24 92 93]
"[75, 82]","[-59, 59]",67,13,[42 76 94 92 88 29 41 24 98 93 24  9 60 41]
"[11, 96]","[-10, 10]",72,11,[41 42 24 94 92 24 98 76 93 29 60  9 41 88]
"[30, 71]","[-6, 6]",96,11,[24 94 88 93 41 60 29 42 76 41 98 24  9 92]
"[30, 78]","[-90, 90]",2,7,[29 92 60 94 76 41 41  9 93 24 42 24 98 88]
"[1, 88]","[-87, 87]",73,3,[60 76 92 29 93 24 98 41 41 88 94  9 42 24]
"[20, 28]","[-74, 74]",58,11,[88 29 24  9 42 24 41 92 98 60 76 93 94 41]
"[23, 40]","[-89, 89]",49,11,[41 94 24 41 93 98 29 76 42 92 24 60 88  9]
"[33, 96]","[-32, 32]",98,5,[94 60 88 41 42 24 24 93 29 41 76 92 98  9]
"[55, 56]","[-56, 56]",99,7,[94 24 93 98 24 60 92 42  9 29 88 76 41 41]
"[2, 84]","[-74, 74]",1,7,[41 93 24 42  9 92 41 24 94 98 76 88 29 60]
"[5, 63]","[-87, 87]",8,3,[ 9 93 42 29 24 24 94 98 88 60 76 41 92 41]
"[29, 60]","[-1, 1]",20,5,[98 29 88 41 60 94 42 93 24 92 76 24  9 41]
"[48, 96]","[-52, 52]",71,3,[41 60 24 92 76 94 41 24 42  9 88 93 98 29]
"[0, 9]","[-30, 30]",77,9,[98 24 42 76 41 29  9 41 94 88 60 24 92 93]
"[12, 16]","[-19, 19]",18,7,[98 92 24 76 93 24 94 29 42 41 60 88 41  9]
"[22, 88]","[-63, 63]",56,13,[88 29 98 41  9 41 24 24 93 76 42 94 92 60]
"[24, 41]","[-23, 23]",0,11,[88 24 92 29 42 98 76 41 93  9 41 94 60 24]
"[20, 44]","[-70, 70]",62,5,[98 94  9 24 93 24 92 29 60 41 76 41 88 42]
"[25, 32]","[-97, 97]",14,13,[60 41 24 41 94  9 92 42 98 76 93 24 88 29]
"[9, 96]","[-91, 91]",3,9,[93 92 41 42 98 24 60 94 29 24 41 76 88  9]
"[65, 75]","[-5, 5]",54,3,[92 24 76 41 98 24  9 29 88 94 41 93 42 60]
"[13, 92]","[-37, 37]",46,7,[41 24 29 94 93  9 24 76 42 41 92 88 60 98]
"[47, 61]","[-94, 94]",41,9,[93 88 24  9 92 29 60 76 24 41 98 42 41 94]
"[15, 70]","[-97, 97]",91,5,[88 94 41 41 24 93 76 29 60 24 92 98  9 42]
"[3, 88]","[-77, 77]",23,13,[94 41 42  9 98 92 60 93 29 24 76 88 24 41]
"[15, 22]","[-40, 40]",89,3,[29 94  9 93 98 76 41 24 42 88 60 24 92 41]
"[70, 71]","[-12, 12]",66,13,[24 41 29 98 88 94 76 42  9 60 41 93 24 92]
"[5, 10]","[-81, 81]",46,5,[41 24 29 94 93  9 24 76 42 41 92 88 60 98]
"[4, 75]","[-80, 80]",41,9,[93 88 24  9 92 29 60 76 24 41 98 42 41 94]
"[22, 36]","[-91, 91]",92,9,[60 29 92 94 41 88 76 24 93 24 42 41 98  9]
"[29, 34]","[-98, 98]",4,11,[92 41 29 76 24 98 42 94 24 88 41 60 93  9]
"[62, 74]","[-89, 89]",63,13,[60 24  9 98 76 41 88 41 94 42 93 29 92 24]
"[75, 97]","[-52, 52]",77,13,[98 24 42 76 41 29  9 41 94 88 60 24 92 93]
"[40, 92]","[-45, 45]",96,9,[24 94 88 93 41 60 29 42 76 41 98 24  9 92]
"[24, 98]","[-22, 22]",51,11,[41 88 42 93 41 92 24  9 29 24 98 94 60 76]
"[31, 45]","[-7, 7]",94,7,[93 92 88 76 98 41  9 24 24 41 60 94 42 29]
"[41, 69]","[-42, 42]",12,7,[93 76 24 60  9 94 92 88 41 42 41 24 98 29]
"[5, 89]","[-73, 73]",4,3,[92 41 29 76 24 98 42 94 24 88 41 60 93  9]
"[34, 48]","[-20, 20]",12,9,[93 76 24 60  9 94 92 88 41 42 41 24 98 29]
"[50, 70]","[-23, 23]",93,11,[41 42 76 93 24 24  9 94 98 41 88 92 29 60]
"[52, 90]","[-73, 73]",91,11,[88 94 41 41 24 93 76 29 60 24 92 98  9 42]
"[8, 33]","[-85, 85]",90,5,[41 88 24 76 98 94  9 24 60 92 93 41 42 29]
"[76, 85]","[-52, 52]",65,11,[42 92 29 41  9 94 41 76 24 24 93 98 88 60]
"[24, 68]","[-37, 37]",95,3,[ 9 24 93 29 94 41 88 92 42 60 98 41 76 24]
"[2, 29]","[-80, 80]",9,13,[98 93  9 42 94 41 92 76 41 29 88 24 60 24]
"[9, 81]","[-1, 1]",8,13,[ 9 93 42 29 24 24 94 98 88 60 76 41 92 41]
"[15, 65]","[-62, 62]",20,9,[98 29 88 41 60 94 42 93 24 92 76 24  9 41]
"[49, 84]","[-5, 5]",93,13,[41 42 76 93 24 24  9 94 98 41 88 92 29 60]
"[63, 94]","[-90, 90]",93,11,[41 42 76 93 24 24  9 94 98 41 88 92 29 60]
"[87, 97]","[-61, 61]",38,7,[24 24  9 88 94 76 93 98 42 92 41 60 29 41]
"[39, 47]","[-40, 40]",59,13,[42  9 98 92 24 88 41 29 94 76 60 93 24 41]
"[64, 98]","[-26, 26]",76,7,[76 29 41 24 88 92  9 60 42 98 94 24 93 41]
"[31, 55]","[-93, 93]",70,11,[41 24  9 41 76 93 98 29 60 92 94 88 42 24]
"[54, 65]","[-23, 23]",27,3,[93 92 98 42 24  9 41 76 60 94 29 24 88 41]
"[1, 65]","[-27, 27]",67,13,[42 76 94 92 88 29 41 24 98 93 24  9 60 41]
"[1, 33]","[-42, 42]",33,13,[94 24 41 76 98 29 60 24 41  9 42 88 93 92]
"[64, 81]","[-65, 65]",68,9,[98 41 76 41 60 24 29 24 88 94  9 92 93 42]
"[65, 79]","[-81, 81]",62,3,[98 94  9 24 93 24 92 29 60 41 76 41 88 42]
"[7, 43]","[-39, 39]",60,11,[94 92 60 76 29 42 93 24 88 41  9 24 41 98]
"[30, 87]","[-71, 71]",76,3,[76 29 41 24 88 92  9 60 42 98 94 24 93 41]
"[0, 2]","[-19, 19]",58,3,[88 29 24  9 42 24 41 92 98 60 76 93 94 41]
"[65, 91]","[-16, 16]",63,9,[60 24  9 98 76 41 88 41 94 42 93 29 92 24]
"[28, 35]","[-53, 53]",6,13,[98 24 24 93 42 88 60 29 41 94 92 41 76  9]
"[34, 84]","[-48, 48]",75,7,[29 92 60 76  9 93 24 42 24 98 41 41 94 88]
"[7, 92]","[-14, 14]",97,3,[24 41 42 94 88 29 98 92 93 60 24 76 41  9]
"[22, 39]","[-77, 77]",6,5,[98 24 24 93 42 88 60 29 41 94 92 41 76  9]
"[7, 85]","[-55, 55]",54,13,[92 24 76 41 98 24  9 29 88 94 41 93 42 60]
"[2, 7]","[-26, 26]",93,9,[41 42 76 93 24 24  9 94 98 41 88 92 29 60]
"[7, 23]","[-65, 65]",71,11,[41 60 24 92 76 94 41 24 42  9 88 93 98 29]
"[5, 32]","[-77, 77]",73,11,[60 76 92 29 93 24 98 41 41 88 94  9 42 24]
"[54, 66]","[-48, 48]",13,5,[76 29 60 41 88 93 41 92 98 24 24  9 94 42]
"[17, 37]","[-78, 78]",76,11,[76 29 41 24 88 92  9 60 42 98 94 24 93 41]
"[46, 65]","[-84, 84]",25,9,[94 76 41 60 29 41 24 98 88 42 93 24  9 92]
"[38, 96]","[-98, 98]",62,9,[98 94  9 24 93 24 92 29 60 41 76 41 88 42]
"[5, 82]","[-49, 49]",27,3,[93 92 98 42 24  9 41 76 60 94 29 24 88 41]
"[44, 48]","[-92, 92]",94,11,[93 92 88 76 98 41  9 24 24 41 60 94 42 29]
"[51, 65]","[-56, 56]",7,3,[24 29 42 60 94 41 98 88 93  9 41 24 76 92]
"[48, 99]","[-63, 63]",6,7,[98 24 24 93 42 88 60 29 41 94 92 41 76  9]
"[3, 40]","[-8, 8]",92,5,[60 29 92 94 41 88 76 24 93 24 42 41 98  9]
"[44, 61]","[-90, 90]",69,13,[41 88 42 60 94 24 98 41 92 93  9 76 29 24]
"[28, 32]","[-21, 21]",42,13,[76 29 94 24 60 88 42 41 98 92 93  9 41 24]
"[13, 87]","[-45, 45]",12,7,[93 76 24 60  9 94 92 88 41 42 41 24 98 29]
"[30, 64]","[-16, 16]",44,9,[60 88 24 93 29 76 42  9 98 94 24 41 41 92]
"[0, 18]","[-56, 56]",97,5,[24 41 42 94 88 29 98 92 93 60 24 76 41  9]
"[48, 92]","[-32, 32]",18,3,[98 92 24 76 93 24 94 29 42 41 60 88 41  9]
"[50, 59]","[-41, 41]",27,11,[93 92 98 42 24  9 41 76 60 94 29 24 88 41]
"[51, 89]","[-93, 93]",97,9,[24 41 42 94 88 29 98 92 93 60 24 76 41  9]
"[51, 55]","[-65, 65]",41,3,[93 88 24  9 92 29 60 76 24 41 98 42 41 94]
"[64, 65]","[-93, 93]",8,11,[ 9 93 42 29 24 24 94 98 88 60 76 41 92 41]
"[81, 88]","[-92, 92]",38,11,[24 24  9 88 94 76 93 98 42 92 41 60 29 41]
"[31, 84]","[-30, 30]",79,9,[98 60 24 29 76 24 41 94 42 88 92 41  9 93]
"[56, 87]","[-30, 30]",33,5,[94 24 41 76 98 29 60 24 41  9 42 88 93 92]
"[3, 34]","[-90, 90]",22,13,[93 98 42 41 88 29  9 41 76 24 24 94 92 60]
"[7, 50]","[-32, 32]",77,13,[98 24 42 76 41 29  9 41 94 88 60 24 92 93]
"[4, 69]","[-17, 17]",9,3,[98 93  9 42 94 41 92 76 41 29 88 24 60 24]
"[12, 41]","[-32, 32]",28,5,[98 42 29  9 93 88 24 41 94 92 24 60 76 41]
"[4, 35]","[-36, 36]",44,9,[60 88 24 93 29 76 42  9 98 94 24 41 41 92]
"[48, 92]","[-47, 47]",70,5,[41 24  9 41 76 93 98 29 60 92 94 88 42 24]
"[82, 87]","[-69, 69]",29,3,[92 93 24 29  9 24 98 76 41 94 88 42 41 60]
"[29, 71]","[-61, 61]",46,7,[41 24 29 94 93  9 24 76 42 41 92 88 60 98]
"[56, 97]","[-11, 11]",93,3,[41 42 76 93 24 24  9 94 98 41 88 92 29 60]
"[18, 76]","[-89, 89]",88,3,[93 41 98 42 76 24 29 24 60 92  9 41 94 88]
"[80, 90]","[-19, 19]",91,9,[88 94 41 41 24 93 76 29 60 24 92 98  9 42]
"[50, 79]","[-4, 4]",27,9,[93 92 98 42 24  9 41 76 60 94 29 24 88 41]
"[71, 89]","[-14, 14]",62,11,[98 94  9 24 93 24 92 29 60 41 76 41 88 42]
"[0, 78]","[-90, 90]",90,5,[41 88 24 76 98 94  9 24 60 92 93 41 42 29]
"[40, 92]","[-94, 94]",70,7,[41 24  9 41 76 93 98 29 60 92 94 88 42 24]
"[74, 99]","[-78, 78]",14,5,[60 41 24 41 94  9 92 42 98 76 93 24 88 29]
"[27, 28]","[-4, 4]",83,3,[41 60 24  9 98 92 41 29 76 94 24 88 93 42]
"[44, 48]","[-97, 97]",73,11,[60 76 92 29 93 24 98 41 41 88 94  9 42 24]
"[48, 62]","[-26, 26]",30,3,[94 76 29 88 24  9 41 41 24 42 93 92 98 60]
"[88, 96]","[-40, 40]",60,13,[94 92 60 76 29 42 93 24 88 41  9 24 41 98]
"[39, 58]","[-72, 72]",75,11,[29 92 60 76  9 93 24 42 24 98 41 41 94 88]
"[52, 81]","[-89, 89]",5,13,[60 41 93 42  9 98 29 92 88 76 94 24 24 41]
"[36, 75]","[-59, 59]",50,7,[24  9 76 41 42 93 88 60 24 92 41 29 98 94]
"[24, 57]","[-40, 40]",19,3,[ 9 24 76 41 24 94 93 29 92 41 88 42 60 98]
"[30, 80]","[-63, 63]",29,5,[92 93 24 29  9 24 98 76 41 94 88 42 41 60]
"[52, 73]","[-90, 90]",80,3,[92 60 93 94 76 41 88 98 29 42  9 41 24 24]
"[44, 73]","[-40, 40]",9,7,[98 93  9 42 94 41 92 76 41 29 88 24 60 24]
"[21, 45]","[-6, 6]",62,13,[98 94  9 24 93 24 92 29 60 41 76 41 88 42]
"[36, 44]","[-18, 18]",40,3,[94 98  9 41 24 92 41 42 76 88 60 93 29 24]
"[6, 89]","[-17, 17]",48,5,[60 29 24 88  9 42 93 24 76 98 92 41 41 94]
"[70, 72]","[-15, 15]",48,9,[60 29 24 88  9 42 93 24 76 98 92 41 41 94]
"[43, 44]","[-12, 12]",74,13,[ 9 24 42 94 88 93 41 41 60 98 92 24 76 29]
"[39, 84]","[-51, 51]",68,5,[98 41 76 41 60 24 29 24 88 94  9 92 93 42]
"[53, 69]","[-19, 19]",63,9,[60 24  9 98 76 41 88 41 94 42 93 29 92 24]
"[13, 29]","[-25, 25]",75,13,[29 92 60 76  9 93 24 42 24 98 41 41 94 88]
"[68, 81]","[-10, 10]",22,13,[93 98 42 41 88 29  9 41 76 24 24 94 92 60]
"[9, 34]","[-80, 80]",63,13,[60 24  9 98 76 41 88 41 94 42 93 29 92 24]
"[92, 98]","[-43, 43]",11,3,[24 41 88 60 92 24 42 98  9 93 41 29 94 76]
"[23, 29]","[-71, 71]",91,9,[88 94 41 41 24 93 76 29 60 24 92 98  9 42]
"[59, 62]","[-94, 94]",3,11,[93 92 41 42 98 24 60 94 29 24 41 76 88  9]
"[33, 67]","[-57, 57]",9,5,[98 93  9 42 94 41 92 76 41 29 88 24 60 24]
"[7, 15]","[-89, 89]",48,7,[60 29 24 88  9 42 93 24 76 98 92 41 41 94]
"[31, 57]","[-14, 14]",49,3,[41 94 24 41 93 98 29 76 42 92 24 60 88  9]
"[58, 66]","[-44, 44]",77,13,[98 24 42 76 41 29  9 41 94 88 60 24 92 93]
"[25, 72]","[-43, 43]",85,5,[76 24 88 93 24 41 42 60 98 29 41 92 94  9]
"[34, 73]","[-38, 38]",59,3,[42  9 98 92 24 88 41 29 94 76 60 93 24 41]
"[59, 68]","[-61, 61]",37,7,[93 92 76 41 94  9 42 88 41 24 60 98 24 29]
"[16, 63]","[-21, 21]",62,9,[98 94  9 24 93 24 92 29 60 41 76 41 88 42]
"[54, 85]","[-94, 94]",13,7,[76 29 60 41 88 93 41 92 98 24 24  9 94 42]
"[11, 67]","[-95, 95]",19,11,[ 9 24 76 41 24 94 93 29 92 41 88 42 60 98]
"[15, 61]","[-73, 73]",45,13,[76 88 24 42  9 93 98 41 92 24 60 94 41 29]
"[54, 94]","[-30, 30]",60,5,[94 92 60 76 29 42 93 24 88 41  9 24 41 98]
"[3, 23]","[-81, 81]",70,11,[41 24  9 41 76 93 98 29 60 92 94 88 42 24]
"[70, 85]","[-2, 2]",45,7,[76 88 24 42  9 93 98 41 92 24 60 94 41 29]
"[39, 67]","[-18, 18]",34,7,[94 98 93 42 29 88 41 92 60 24 76 24  9 41]
"[8, 14]","[-32, 32]",24,5,[29  9 98 60 24 24 92 88 76 41 93 94 41 42]
"[4, 23]","[-12, 12]",86,9,[93 98 29 24  9 24 60 42 41 76 88 41 94 92]
"[46, 68]","[-84, 84]",96,13,[24 94 88 93 41 60 29 42 76 41 98 24  9 92]
"[20, 99]","[-42, 42]",65,13,[42 92 29 41  9 94 41 76 24 24 93 98 88 60]
"[73, 83]","[-92, 92]",9,9,[98 93  9 42 94 41 92 76 41 29 88 24 60 24]
"[48, 63]","[-44, 44]",37,7,[93 92 76 41 94  9 42 88 41 24 60 98 24 29]
"[15, 84]","[-17, 17]",80,13,[92 60 93 94 76 41 88 98 29 42  9 41 24 24]
"[42, 55]","[-90, 90]",55,7,[24 92 42 24 94 41 41 76 29 60 88 93  9 98]
"[45, 56]","[-88, 88]",22,7,[93 98 42 41 88 29  9 41 76 24 24 94 92 60]
"[25, 35]","[-93, 93]",39,5,[42 60 41 88 29  9 93 41 24 92 94 24 98 76]
"[18, 73]","[-79, 79]",20,5,[98 29 88 41 60 94 42 93 24 92 76 24  9 41]
"[16, 23]","[-84, 84]",4,9,[92 41 29 76 24 98 42 94 24 88 41 60 93  9]
"[5, 39]","[-84, 84]",28,5,[98 42 29  9 93 88 24 41 94 92 24 60 76 41]
"[77, 97]","[-42, 42]",70,9,[41 24  9 41 76 93 98 29 60 92 94 88 42 24]
"[4, 24]","[-7, 7]",78,3,[29 41 42 41  9 92 98 94 24 76 88 93 24 60]
"[17, 48]","[-74, 74]",3,11,[93 92 41 42 98 24 60 94 29 24 41 76 88  9]
"[49, 54]","[-97, 97]",25,13,[94 76 41 60 29 41 24 98 88 42 93 24  9 92]
"[15, 16]","[-88, 88]",44,5,[60 88 24 93 29 76 42  9 98 94 24 41 41 92]
"[25, 99]","[-91, 91]",34,5,[94 98 93 42 29 88 41 92 60 24 76 24  9 41]
