poly_int_text_representation,root,rand_text,text_int,text_from_root
1935234615.0,17.371849526207182,sYV7,1935234615,1935234615.0
1347974504.0,110.53885448003112,PXuh,1347974504,1347974504.0
1347314806.0,95.83002395425038,PNdv,1347314806,1347314806.0
1632457320.0,614.3193791739702,aMRh,1632457320,1632457320.0
2052351049.0,801.9326366575797,zTdI,2052351049,2052351049.0
810505332.0,15.23855311921105,0OTt,810505332,810505332.0
947347768.0,63.18880545843817,8wa8,947347768,947347768.0
946163051.0,831.3968629896192,8eMk,946163051,946163051.0
1733119302.0,793.6871263222913,gMMF,1733119302,1733119302.0
1751201590.0,70.45536072328767,ha76,1751201590,1751201590.0
1514240111.0,24.62343137658932,ZAxo,1514240111,1514240111.0
1131758920.0,59.503147410137785,CuEH,1131758920,1131758920.0
1685603188.0,108.87757736334453,dxCt,1685603188,1685603188.0
896953923.0,532.7504670852826,5vnC,896953923,896953923.0
929588556.0,54.37637288171933,7heL,929588556,929588556.0
1800556103.0,114.80012258903707,kRNG,1800556103,1800556103.0
930039858.0,117.80697532107483,7oH2,930039858,930039858.0
1162171756.0,1035.5584469630433,EEUl,1162171756,1162171756.0
1347380344.0,120.53996199987124,POdx,1347380344,1347380344.0
1462780515.0,972.2863903280605,W0Bc,1462780515,1462780515.0
1363899189.0,673.3491404600039,QKs5,1363899189,1363899189.0
827409462.0,223.05099382002032,1QD6,827409462,827409462.0
962147652.0,38.92785456359251,9Y5D,962147652,962147652.0
1228426084.0,657.2525094896355,I8Kd,1228426084,1228426084.0
1165047158.0,751.5441487485322,Eq5v,1165047158,1165047158.0
1818637419.0,80.62471976878298,lf4k,1818637419,1818637419.0
1449684834.0,88.62879941720666,Vhob,1449684834,1449684834.0
1164460633.0,18.997397047153456,EhBY,1164460633,1164460633.0
1664235575.0,632.1990126779516,c287,1664235575,1664235575.0
1198605619.0,29.540858561156934,GqE3,1198605619,1198605619.0
1246972472.0,72.98380264547274,JSJ8,1246972472,1246972472.0
828721526.0,435.67155771501274,1eIv,828721526,828721526.0
1937396326.0,394.90708771249723,szRf,1937396326,1937396326.0
1399869537.0,775.0259679732769,SpPa,1399869537,1399869537.0
1819766892.0,335.079888001484,lwpl,1819766892,1819766892.0
1163224403.0,348.54140419997714,EUeS,1163224403,1163224403.0
1668510292.0,873.9590336418815,csrT,1668510292,1668510292.0
1349744694.0,21.28799312125257,Psx6,1349744694,1349744640.0
1952012098.0,78.34027569231361,tYWB,1952012098,1952012098.0
894728567.0,21.398374245220438,5Tyw,894728567,894728568.0
1432773477.0,884.447726058535,Ufce,1432773477,1432773477.0
1782139250.0,110.49989318100948,j9Ir,1782139250,1782139250.0
1970759026.0,419.0002175141912,uwer,1970759026,1970759026.0
911362422.0,92.09031535473804,6RIv,911362422,911362422.0
1865773139.0,104.1085974328297,o5pS,1865773139,1865773139.0
846032226.0,69.9838932549853,2mmb,846032226,846032226.0
1966176832.0,94.04322503866523,u1z2,1966176818,1966178304.0
844001642.0,16.34054128110185,2Nqj,844001642,844001642.0
1513316714.0,114.31911404549278,Z3aj,1513316714,1513316714.0
929194856.0,52.84750433672477,7bch,929194856,929194856.0
1162234982.0,381.4919972524969,EFLf,1162234982,1162234982.0
893675118.0,78.27634804357228,5Dfn,893675118,893675118.0
880364345.0,69.50965302645123,4yK9,880364345,880364345.0
1667460929.0,123.31382251483168,ccoA,1667460929,1667460929.0
1414739000.0,1121.842395582631,TS48,1414739000,1414739000.0
810303809.0,218.56851925536884,0LAA,810303809,810303809.0
1345663087.0,163.39658522865963,P50o,1345663087,1345663087.0
2036560235.0,118.40937051643222,ycqk,2036560235,2036560235.0
1699628393.0,84.94908530405382,eNEi,1699628393,1699628393.0
1882212422.0,63.32576506774554,p0HF,1882212422,1882212422.0
1400001111.0,622.7208117541811,SrRW,1400001111,1400001111.0
1987588150.0,603.1334058501116,vx06,1987588150,1987588150.0
1701924435.0,891.7421448044522,eqNS,1701924435,1701924435.0
1145132363.0,424.4910797380535,DAUK,1145132363,1145132363.0
1131432264.0,123.41020438111794,CpIH,1131432264,1131432264.0
1900574037.0,968.5190440276305,qHuU,1900574037,1900574037.0
1114532946.0,23.08928038187111,BnlR,1114532946,1114532946.0
825453895.0,101.39984630528593,13mG,825453895,825453895.0
1398239606.0,962.3993591625099,SWqv,1398239606,1398239606.0
1701401654.0,112.61286554465306,eiT6,1701401654,1701401654.0
1214413412.0,10.068030791605157,Hbzd,1214413412,1214413412.0
1483504206.0,89.88176255525963,XlzN,1483504206,1483504206.0
1818588213.0,734.800787777386,let5,1818588213,1818588213.0
1800680004.0,100.48726329302602,kT2D,1800680004,1800680004.0
1799898160.0,1233.9755031789778,kHD0,1799898160,1799898160.0
1514885718.0,101.16523979595756,ZKRV,1514885718,1514885718.0
1097751111.0,40.92495178817996,AnZG,1097751111,1097751111.0
1263420003.0,450.1220594860323,KNBc,1263420003,1263420003.0
1632663344.0,67.56625535824023,aPw0,1632663344,1632663344.0
1362511721.0,1037.1588586117034,Q6Gi,1362511721,1362511721.0
2050307639.0,95.1956139753574,z567,2050307639,2050307639.0
1215788145.0,96.47205055883414,Hwtq,1215788145,1215788145.0
843337550.0,5.654368606480256,2DON,843337550,843337550.0
1096372805.0,871.116520088769,AYRE,1096372805,1096372805.0
1194948470.0,108.98633067707394,G9wv,1194948470,1194948470.0
1179608676.0,335.51064253136855,FOfd,1179608676,1179608676.0
1717663567.0,221.15100994491326,fawO,1717663567,1717663567.0
862664532.0,538.4175114313557,3k7T,862664532,862664532.0
1500608346.0,109.04182659374118,YqwZ,1500608346,1500608346.0
930052692.0,300.42153827457076,7ozT,930052692,930052692.0
1196315480.0,97.07834685807636,GNSX,1196315480,1196315480.0
1649948259.0,485.57594279069974,bX6c,1649948259,1649948259.0
2052540499.0,1249.3947407066314,zWHS,2052540499,2052540499.0
2053849906.0,1085.812732835637,zkC2,2053849906,2053849906.0
810972529.0,53.297902984175906,0Vuq,810972529,810972529.0
1480142958.0,24.52082392422449,X90n,1480142958,1480142958.0
1433233227.0,126.45270512603823,UmgK,1433233227,1433233227.0
1467233328.0,813.7566002916647,Wt40,1467233328,1467233328.0
1984587617.0,558.6982628330923,vJga,1984587617,1984587617.0
909602352.0,67.26035561595998,67n0,909602352,909602352.0
1850361400.0,132.40220406257995,nJF8,1850361400,1850361400.0
861107525.0,45.436066944704066,3SuE,861107525,861107525.0
1196308332.0,109.25153043523686,GN7l,1196308332,1196308332.0
1802334818.0,143.62716939631574,kmrb,1802334818,1802334818.0
1396011639.0,555.452673608402,S5rw,1396011639,1396011639.0
1111046502.0,1038.2942343967125,B99f,1111046502,1111046502.0
862284871.0,920.3036025662993,3elG,862284871,862284871.0
1246968134.0,68.37221563604488,JS9F,1246968134,1246968134.0
930568528.0,126.34911653876266,7wYP,930568528,930568528.0
1649690734.0,887.5521610745498,bTHn,1649690734,1649690734.0
2036741954.0,63.594479169099685,yf7B,2036741954,2036741954.0
1379290437.0,80.51506474808085,R6ME,1379290437,1379290437.0
1649046088.0,50.013628122124324,bJrH,1649046088,1649046088.0
1313751910.0,74.1263315861005,NNCf,1313751910,1313751910.0
1632139633.999999,59.7734506366263,aHyr,1632139634,1632139634.0
1211515245.0,9.233104059396867,H6Am,1211515245,1211515245.0
1114731633.0,14.66976316782922,Bqtq,1114731633,1114731633.0
825381232.0,180.50533689633417,12Qp,825381232,825381232.0
1935306752.0,84.36237514255107,sZuK,1935308107,1935278080.0
1651792196.9999995,121.68743423630474,btYE,1651792197,1651792197.0
2018922057.0,100.2796256181253,xVNI,2018922057,2018922057.0
1449590784.0,59.28162816155384,Vg1x,1449603448,1447034880.0
1433028213.0,149.55226767482364,UjFu,1433028213,1433028213.0
927561009.0,928.1549198673497,7Iu1,927561009,927561009.0
1932685382.0,24.81412087965798,s2pF,1932685382,1932685382.0
1803114291.0,1193.1649802135435,kyW3,1803114291,1803114291.0
2053459254.0,446.1087712638359,zeM6,2053459254,2053459254.0
1682913336.0,947.9609531036976,dO88,1682913336,1682913336.0
1299664690.0,89.65720740976852,MwO2,1299664690,1299664690.0
1783789912.0,87.5093953764279,jRyX,1783789912,1783789912.0
943077221.0000001,37.99072484110224,867e,943077221,943077221.0
1115058294.0,1018.476892160187,Bvpv,1115058294,1115058294.0
858939957.0,119.30779297446648,32b5,858939957,858939957.0
1090519040.0,20.928485256304644,AL2e,1095512677,4294967296.0
1853509484.0,1080.3634451247704,nzOl,1853509484,1853509484.0
1111771738.0,55.417934192892396,BDJZ,1111771738,1111771738.0
1363627319.0,532.6598087247307,QGM7,1363627319,1363627319.0
1700029032.0,63.29309080690554,eTbh,1700029032,1700029032.0
1482113882.0,55.69416481297558,XWCZ,1482113882,1482113882.0
1951609428.0,52.718842601658544,tS2T,1951609428,1951609428.0
1682722668.0,655.896063321595,dLOl,1682722668,1682722668.0
1146377548.0,640.4769975326332,DTUL,1146377548,1146377548.0
1483760963.0,573.6585921443457,XpeC,1483760963,1483760963.0
1610612736.0,64.26935669508413,aEXx,1631934584,0.0
1969908588.0,101.47521319757595,ujkl,1969908588,1969908608.0
945188952.0,23.06409475137574,8VpX,945188952,945188952.0
1400141890.0,579.1628709619689,StxB,1400141890,1400141890.0
812410998.0,641.0047844168004,0lhv,812410998,812410998.0
1835169590.0,195.99266681762688,mbw6,1835169590,1835169590.0
1748531315.0,105.70894601751914,h8xs,1748531315,1748531315.0
1364212022.0,1051.568786103609,QP96,1364212022,1364212022.0
1497986158.0,37.15060743198619,YItn,1497986158,1497986158.0
1647603788.0,866.7145843144505,b4pL,1647603788,1647603788.0
876175670.0,36.53425835755215,49a6,876175670,876175670.0
1952532053.0,411.26970120020405,taFU,1952532053,1952532053.0
1346990931.0000005,56.88396252105955,PIsS,1346990931,1346990931.0
1831958120.0,147.47968911699866,m1vh,1831958120,1831958120.0
1213823602.0,405.55898388474907,HYzr,1213823602,1213823602.0
1381398068.0,30.36131722708756,RVv3,1381398067,1381398080.0
929446004.0,75.27136746218528,7f8t,929446004,929446004.0
1951551826.0,153.74113448378233,tRQR,1951551826,1951551826.0
1177577041.0,105.14518798737718,F0fQ,1177577041,1177577041.0
1932870454.0,136.72884563906575,s5C6,1932870454,1932870454.0
1815630179.0,844.910314582905,l8Qc,1815630179,1815630179.0
1718373977.0,345.12866533460175,flNY,1718373977,1718373977.0
1970884199.0,1011.22544702248,uyNg,1970884199,1970884199.0
1768647024.0,134.92722581107142,ikip,1768647024,1768647024.0
1651527990.0,65.85365097059946,bpQ6,1651527990,1651527990.0
877416301.0,99.92788373496602,4LOm,877416301,877416301.0
1983402583.0,342.50317056056406,v8RW,1983402583,1983402583.0
1851024688.0,58.02068540106072,nTe0,1851024688,1851024688.0
1416258374.0,88.79284851661276,TjcF,1416258374,1416258374.0
1717792325.0,71.15327322599013,fcnE,1717792325,1717792325.0
1732395861.0,344.0848922272894,gBCU,1732395861,1732395861.0
1631090244.0,592.1902434219285,a8vD,1631090244,1631090244.0
1499545977.0,107.94196236166087,YaAy,1499545977,1499545968.0
862277451.0,370.53120553095465,3eOK,862277451,862277451.0
1714435635.0,303.9248272787817,f063,1714435635,1714435635.0
1668249434.0,627.5654764005177,cowZ,1668249434,1668249434.0
1751204183.0,78.67351145599883,haAW,1751204183,1751204183.0
1146643536.0,110.22639863230003,DXdP,1146643536,1146643536.0
1180981114.0,15.1460568245853,FdWz,1180981114,1180981114.0
1264801356.0,1082.301171232566,KcVL,1264801356,1264801356.0
1298937688.0,67.38609906526474,Ml7W,1298937687,1298937728.0
912606264.0,565.5251221485861,6eD8,912606264,912606264.0
1483948614.0,764.8981187232747,XsBF,1483948614,1483948614.0
1330642944.0,83.26804628560457,OU1r,1330983282,1275068416.0
2003985507.0,657.9901444924858,wrdc,2003985507,2003985507.0
2004374106.0,49.014242426516674,wxRZ,2004374106,2004374106.0
1868647002.0,31.379670352727086,oaJZ,1868647002,1868647002.0
1414877261.0,708.0534924592945,TUPM,1414877261,1414877261.0
1399941953.0,1010.2715829101554,SqkA,1399941953,1399941953.0
2017945921.0,315.40230865094935,xGiA,2017945921,2017945921.0
1685219154.0,149.52373694847014,drgR,1685219154,1685219154.0
1263098436.0,19.521883856190254,KIZD,1263098436,1263098436.0
1852534905.0,150.10709770114033,nkpy,1852534905,1852534905.0
1313427062.0,99.57666448389064,NINv,1313427062,1313427062.0
2021013809.0,68.69929152452951,xv91,2021013809,2021013809.0
1383351624.0,125.16899840811008,RtEH,1383351624,1383351624.0
1112560725.0,299.314440526909,BPTU,1112560725,1112560725.0
1967813200.0,1146.845739210546,uJrP,1967813200,1967813200.0
1952664911.0,448.3152684113242,tcMO,1952664911,1952664911.0
1366390388.0,839.0098444218065,Qqvt,1366390388,1366390388.0
1647464561.0,37.59209100531152,b2Pq,1647464561,1647464561.0
1496926770.0,433.02191086597816,Y9J2,1496926770,1496926770.0
2020558898.0,23.570054535697906,xoH2,2020558898,2020558898.0
1283012656.0,110.75818147865802,Ly80,1283012656,1283012656.0
1381594488.0,670.3417410871596,RYux,1381594488,1381594488.0
860120140.0,126.43740889007599,3DdL,860120140,860120140.0
2003977559.0,68.2271573910131,wrEW,2003977559,2003977559.0
1350060129.0,21.492520210420526,PxHa,1350060129,1350060129.0
928281687.0,683.5117983672045,7TtW,928281687,928281687.0
2054046326.0,47.37834710126504,znBv,2054046326,2054046326.0
1245866841.0,52.15733801012518,JBkY,1245866841,1245866841.0
842364230.0,103.20364714139143,25uF,842364230,842364230.0
1750032723.0,83.3443154191481,hOaS,1750032723,1750032723.0
1784043087.0,145.52760413248302,jVVO,1784043087,1784043087.0
1783131477.0,362.5681363588769,jHmU,1783131477,1783131477.0
947349835.0,884.5079259619756,8wiK,947349835,947349835.0
1164661337.0,784.2342677155426,EkRY,1164661337,1164661337.0
1764836973.0,1084.597146286168,i1Fm,1764836973,1764836973.0
1127499057.0,177.6980740388005,C4E1,1127499057,1127499057.0
1936218740.0,38.183630205369674,shZt,1936218740,1936218740.0
1769621113.0,65.00465528556754,izFy,1769621113,1769621113.0
1115122767.0,58.13338635106338,BwlO,1115122767,1115122767.0
1515418485.0,971.1918262445841,ZSsu,1515418485,1515418485.0
1330473828.0,105.36461674534675,OMkd,1330473828,1330473828.0
829776433.0,104.55981711280239,1ub1,829776433,829776433.0
911043414.0,2.717404295571426,6MkV,911043414,911043414.0
2052347726.9999998,294.01385324199407,zTWO,2052347727,2052347727.0
1213159545.0,91.7290949992959,HOXy,1213159545,1213159545.0
1986163051.0,244.60447160611585,vbqk,1986163051,1986163051.0
1885561430.0,660.3562298329942,pcbV,1885561430,1885561430.0
1196447081.0,97.74294689803847,GPUi,1196447081,1196447081.0
877081669.0,51.02822835957686,4G4E,877081669,877081600.0
1314016345.0,54.31973505700492,NRLY,1314016345,1314016345.0
1179862102.0,698.961451576337,FSDV,1179862102,1179862102.0
1900295238.0,586.6060321991001,qD4F,1900295238,1900295238.0
1667909490.0000002,98.23566360431718,cjGr,1667909490,1667909490.0
1482115144.0,923.9012527093133,XWHH,1482115144,1482115144.0
1333355089.0,106.43480005215056,OybQ,1333355089,1333355089.0
1466460006.9999995,36.07458649147992,Whgg,1466460007,1466460007.0
961182053.0,873.8789732718703,9Jye,961182053,961182053.0
811819633.0,999.4905254236697,0cbq,811819633,811819633.0
1715613764.0,860.2862356091982,fB0D,1715613764,1715613764.0
1836142162.0,259.232132559976,mqNR,1836142162,1836142162.0
1499624820.0,1156.7245617296903,Ybut,1499624820,1499624820.0
1383559267.0,1055.2698433962537,Rwpc,1383559267,1383559267.0
2037002834.0,354.3706075809415,yj2R,2037002834,2037002834.0
1515205466.0,25.58703490660603,ZP3Z,1515205466,1515205466.0
1397577783.0,113.14064899313351,SMX7,1397577783,1397577782.0
1094793328.0,34.46919549693404,AA8p,1094793328,1094793328.0
1229286984.0,113.55237562675151,IEnH,1229286984,1229286984.0
1852001358.0,237.86527721720435,ncLN,1852001358,1852001358.0
1179791360.0,92.06679366867263,FR6e,1179792997,1179648000.0
896558166.0,57.768851201593556,5pdV,896558166,896558166.0
1498761583.0,794.6225435341915,YUIo,1498761583,1498761583.0
1466387540.0,820.0590415384795,WgLT,1466387540,1466387540.0
1345745199.9999998,118.30271365774863,P6q0,1345745200,1345745200.0
927557994.0,45.70518513720405,7Iij,927557994,927557996.0
2002991482.0,1229.3267063559476,wc9z,2002991482,2002991482.0
1802195524.0,137.56791772480233,kkRD,1802195524,1802195524.0
1932867956.0000002,137.47474343280768,s59t,1932867956,1932867956.0
1967486546.0,1050.2157037383297,uEvR,1967486546,1967486546.0
1131640629.0,13.90498851708503,Csw5,1131640629,1131640629.0
1635075662.0,110.9047882306706,auFN,1635075662,1635075662.0
2020964467.0,306.870737281465,xuxs,2020964467,2020964467.0
944131660.0,19.387287789512662,8FNL,944131660,944131660.0
846082678.0,309.72592504862604,2n2v,846082678,846082678.0
1917871159.0,43.010385801516364,rPd7,1917871159,1917871159.0
1280004459.0,414.51251039694716,LKQk,1280004459,1280004459.0
1766864472.0000076,15.93301120623374,iP6X,1766864472,1766864472.0
946944090.0,93.56216673066275,8q8Z,946944090,946944090.0
1144419956.0,545.6286131232794,D6vt,1144419956,1144419956.0
1364800600.0,676.3717184715981,QY4X,1364800600,1364800600.0
1632658806.0,1135.025865308474,aPev,1632658806,1632658806.0
1866880310.0,283.84315637863125,oFU6,1866880310,1866880310.0
1718382453.0,1137.43230289415,flou,1718382453,1718382453.0
1229350728.0,99.10876177737862,IFgH,1229350728,1229350728.0
1212959565.0,734.6911131269212,HLKM,1212959565,1212959565.0
860714581.0,96.94803211091177,3MvU,860714581,860714581.0
2037266254.0,36.83789546239144,yn7N,2037266254,2037266254.0
862474853.0,62.3373118943564,3hRe,862474853,862474853.0
1951941737.0,92.71462496821489,tXDi,1951941737,1951941737.0
2050050560.0,72.52552975438711,z1Jp,2050050672,2050031616.0
1867405895.0,492.01415565558005,oNZG,1867405895,1867405895.0
911373911.0,681.6493706521155,6RvW,911373911,911373911.0
2020689516.0,91.01481395386344,xqFl,2020689516,2020689504.0
1115310902.0,125.56872499339488,BzK6,1115310902,1115310902.0
1701341798.0,49.46910322425337,ehjf,1701341798,1701341798.0
2054042453.0,1348.156998664813,zn3U,2054042453,2054042453.0
1849053253.0,94.07376895202843,n6PE,1849053253,1849053253.0
1732326249.0,396.97090686373775,gA3i,1732326249,1732326249.0
1481987687.0,86.87351284305049,XUVg,1481987687,1481987687.0
810840429.0,47.58062650061787,0Tqm,810840429,810840429.0
1936937576.0,1050.9240813935871,ssRh,1936937576,1936937576.0
808868470.0,593.145351574179,06Zv,808868470,808868470.0
1967680082.0000002,144.46438803644156,uHjR,1967680082,1967680082.0
1347832389.0,252.6049452028958,PVJE,1347832389,1347832389.0
1197699376.0,51.505437954326744,Gcq0,1197699376,1197699376.0
1299476017.0,244.5586315768085,Mtn1,1299476017,1299476017.0
1699040619.0,63.46694949088814,eEMk,1699040619,1699040619.0
1818324082.0,759.4878304943367,lalr,1818324082,1818324082.0
1934184533.0,85.25292073876616,sIPU,1934184533,1934184533.0
1212834121.0,970.2890175301513,HJaI,1212834121,1212834121.0
860386100.9999999,11.892858905946309,3Hs5,860386101,860386101.0
1883729004.0,446.6859990891182,pGll,1883729004,1883729004.0
1718450799.0,473.09182031319625,fmzo,1718450799,1718450799.0
878929784.0,119.25416293955698,4cgx,878929784,878929784.0
1934053199.0,90.36800170059611,sGOO,1934053199,1934053199.0
1781547341.0,932.2028752306983,j0AM,1781547341,1781547341.0
1632721271.0,107.15054129434196,aQYw,1632721271,1632721271.0
1197687153.0,129.66746446570227,GcAq,1197687153,1197687153.0
1699427417.0,51.33798066538761,eK4Y,1699427417,1699427417.0
2052666731.0,364.3045738354434,zY5k,2052666731,2052666731.0
1769615446.0,1143.93230702585,iz0V,1769615446,1769615446.0
1751925601.0,78.68260392188064,hlCa,1751925601,1751925601.0
1315726673.0,1084.728345540294,NleQ,1315726673,1315726673.0
1095125359.0,682.6937835235954,AFIo,1095125359,1095125359.0
944589146.0,534.9081583157944,8MIZ,944589146,944589146.0
1145450862.0,200.91429256205583,DF1n,1145450862,1145450862.0
1752523376.0,1127.8363876728702,hubp,1752523376,1752523376.0
2003258693.0,25.634602777991304,wgME,2003258693,2003258693.0
1178813509.0,48.60529009462862,FCDE,1178813509,1178813509.0
1330997098.0,8.173162933205376,OUgj,1330997098,1330997098.0
1115060300.0,221.8223571757626,BvxL,1115060300,1115060300.0
1685147222.0,49.37150554728571,dqNV,1685147222,1685147222.0
1667589987.0,276.92164178169685,cegc,1667589987,1667589987.0
1682929767.0,90.29623460276088,dOxg,1682929767,1682929767.0
1144158308.0,115.3864511566954,D2xd,1144158308,1144158308.0
1450668619.0,1133.135574555021,VwrK,1450668619,1450668619.0
1666140471.0,85.00152027217837,cOI7,1666140471,1666140471.0
1699834445.0,527.5486610551444,eQjM,1699834445,1699834445.0
1885489495.0,1226.9934515372288,pbIW,1885489495,1885489495.0
1969965943.0,8.218321906656728,ukKw,1969965943,1969965943.0
1898990080.0,82.48710391110384,q0Jh,1898990184,1898987520.0
842225481.0,85.31037871780093,23WI,842225481,842225480.0
1349534560.0,40.19574914134048,PpCg,1349534567,1349534208.0
909210672.0,56.753531564068524,61t0,909210672,909210672.0
1463378250.0,9.312325075720885,W9aJ,1463378250,1463378250.0
1147499601.0,76.96892565996056,DetQ,1147499601,1147499601.0
1299080309.0,53.906678657062045,Mndu,1299080309,1299080309.0
1349016165.0,734.9571633286681,PhZe,1349016165,1349016165.0
1984967779.0,221.17022870833168,vP4c,1984967779,1984967779.0
1215116131.0,769.1316937523753,Hm3c,1215116131,1215116131.0
1835560037.0,365.25007727601695,mhle,1835560037,1835560037.0
1484017510.0,193.40437377399343,XtOf,1484017510,1484017510.0
1680959605.0,102.33960293540892,d1hu,1680959605,1680959605.0
1851343735.0,455.69939853661816,nYCw,1851343735,1851343735.0
1413957632.0,86.26247711248999,TGGH,1413957448,1413742592.0
1834438468.0,62.76107165455006,mWOD,1834438468,1834438468.0
845636435.0,640.2497628053939,2gcS,845636435,845636435.0
1163343411.0,731.9684155026631,EW63,1163343411,1163343411.0
1432975704.0,24.987574062881222,UiyX,1432975704,1432975704.0
1482905175.0,1182.5774002755966,XcVW,1482905175,1482905175.0
1097952310.0,130.69296874735173,Aql6,1097952310,1097952310.0
1717851755.0,80.1199400206242,fdVk,1717851755,1717851755.0
2003780659.0,827.558597256805,woD3,2003780659,2003780659.0
2001614950.0,1225.787576231564,wN8f,2001614950,2001614950.0
1182223949.0,1080.418287400482,FwNM,1182223949,1182223949.0
1400207735.0,471.6168293638573,Suyw,1400207735,1400207735.0
2034988377.0,756.6133523573292,yKuY,2034988377,2034988377.0
1330469200.0,13.634202342484716,OMYP,1330469200,1330469200.0
1884838224.0,296.52305947759106,pXYP,1884838224,1884838224.0
910774082.0,39.0591749375244,6IOB,910774082,910774080.0
1146319207.0,69.04537001668079,DSqg,1146319207,1146319207.0
1484222464.0,92.36516576190283,Xwl5,1484221493,1483735040.0
1430540646.0,53.8011956639672,UDQf,1430540646,1430540646.0
1129461110.0,71.01331604702398,CR5v,1129461110,1129461110.0
1380084224.0,98.63351176493231,RBim,1380084077,1380122624.0
1398175319.0,76.32528148227019,SVvW,1398175319,1398175319.0
1833979481.0,682.5081455335893,mPNY,1833979481,1833979481.0
2018395460.0,380.5980994072168,xNED,2018395460,2018395460.0
1701146181.0,1045.6697392538917,eenE,1701146181,1701146181.0
1380733268.0,455.54687578914144,RLQT,1380733268,1380733268.0
1936816464.0,376.6676971848734,sqyP,1936816464,1936816464.0
1868118382.0,597.3885161737653,oY9n,1868118382,1868118382.0
1802398275.0,446.2344574132981,knjC,1802398275,1802398275.0
2052543281.0,504.1446133532132,zWS1,2052543281,2052543281.0
1447322721.0,674.6326156076688,VDda,1447322721,1447322721.0
1917269338.0,25.093376481985988,rG5Z,1917269338,1917269338.0
1682203957.0,493.01906513137624,dDe5,1682203957,1682203957.0
1249327217.0,589.5040490462286,Jw8q,1249327217,1249327217.0
1801730170.0,446.9648828657571,kd8z,1801730170,1801730170.0
1144288308.0,95.81571545734737,D4t4,1144288308,1144288308.0
2019846199.0,130.16161046311663,xdh7,2019846199,2019846199.0
1867015281.0,1069.510457055845,oHdq,1867015281,1867015281.0
1815366981.0,132.5861717052025,l4ME,1815366981,1815366981.0
808531544.0,20.334264252811128,016X,808531544,808531544.0
2018529642.0,1202.5237786941407,xPQj,2018529642,2018529642.0
1632519033.0,159.3591628473895,aNCy,1632519033,1632519033.0
1919705466.0,51.820076352180095,rlaz,1919705466,1919705472.0
1800882005.0,878.2973328778144,kWGU,1800882005,1800882005.0
1247375432.0,79.44044637663015,JYpH,1247375432,1247375432.0
945441619.0,593.1451721682067,8ZKS,945441619,945441619.0
1098086210.0,277.82261522211286,AswB,1098086210,1098086210.0
1852461146.0,103.16418805518612,njPZ,1852461146,1852461146.0
1734440526.0,59.30259274102104,gavN,1734440526,1734440526.0
944270697.0,530.0589569501533,8Hmi,944270697,944270697.0
808745069.0,81.49947907783975,04xm,808745069,808745069.0
1966500948.0,33.37697011924609,u6lT,1966500948,1966500948.0
1296791658.0,49.92264122741718,MKxj,1296791658,1296791658.0
1868562432.0,89.04147020947232,ofMO,1868975439,1879048192.0
1415801924.0,701.40783532055,TclD,1415801924,1415801924.0
1464358977.0,330.79066582107936,WHXA,1464358977,1464358977.0
909586772.0,64.8222454313447,671T,909586772,909586772.0
1515149173.0,181.37508068586263,ZOWu,1515149173,1515149173.0
1298426486.0,24.03645034828018,Mdjv,1298426486,1298426486.0
1398369390.0,237.33156102834053,SYln,1398369390,1398369390.0
2052279122.0,1190.1154075124193,zSKR,2052279122,2052279122.0
960653913.0,749.9729559036508,9BjY,960653913,960653913.0
1316444746.0,65.80031751288973,NwZJ,1316444746,1316444746.0
1868648046.0,669.0522279872913,oaNn,1868648046,1868648046.0
1951480134.0,66.62578699463805,tQ9F,1951480134,1951480134.0
1115253574.0,1025.8893679648809,BykF,1115253574,1115253574.0
1164199509.0,65.60363652153232,EdFU,1164199509,1164199509.0
926106222.0,226.5493480844957,73Bn,926106222,926106222.0
1346593844.0,66.24844919692339,PCd4,1346593844,1346593844.0
1281581914.0,752.5439749134873,LccZ,1281581914,1281581914.0
1798726500.0,434.80936563385643,k6cd,1798726500,1798726500.0
1432636248.0,1030.949499412668,UdKX,1432636248,1432636248.0
1936288352.0,28.22632359259555,sijo,1936288367,1936285696.0
1314418744.0,104.14984705263713,NXp8,1314418744,1314418744.0
1330996600.0,933.4906261905913,OUex,1330996600,1330996600.0
2003059061.0000002,24.146106826046655,wdAu,2003059061,2003059061.0
1265067620.0,89.05029133348648,Kgfd,1265067620,1265067620.0
1950822466.0,64.95514184448908,tG0B,1950822466,1950822466.0
1631147371.0,215.44218811604838,a9Uk,1631147371,1631147371.0
1683312953.0,145.21500834181822,dUQ9,1683312953,1683312953.0
1852985962.0,59.0217714232806,nrRj,1852985962,1852985962.0
1632653935.0,323.7972077501764,aPRo,1632653935,1632653935.0
1129860982.0,21.9860894236964,CXOv,1129860982,1129860982.0
1146515062.0,56.427226412711846,DVnv,1146515062,1146515072.0
1248810874.0,143.51763638128722,JoWz,1248810874,1248810874.0
879324275.0,256.1442817399051,4ils,879324275,879324275.0
2051436369.0,38.60248394128433,zFoQ,2051436369,2051436369.0
1714703215.0,67.67735483338181,f4Ko,1714703215,1714703215.0
2003461936.0,15.143320352151084,wjg0,2003461936,2003461936.0
1884303721.0,95.06419403066138,pP1i,1884303721,1884303721.0
1483892043.0,64.37652197384413,XreK,1483892043,1483892043.0
1683188816.0,30.927474557818936,dSlP,1683188816,1683188816.0
1900826440.0,42.6604102888674,qLOH,1900826440,1900826440.0
1129084020.0,526.1966246931196,CLtt,1129084020,1129084020.0
1986622806.0,114.43381080511344,viuV,1986622806,1986622806.0
878995322.0,884.4770978383433,4dgz,878995322,878995322.0
1463380825.0,18.050213111961636,W9kY,1463380825,1463380825.0
1127579648.0,80.99620900334475,C5xs,1127577715,1128267776.0
1115114606.0,754.7870961299724,BwLn,1115114606,1115114606.0
1164272505.0,359.96233695725226,Eecy,1164272505,1164272505.0
1983263556.0,874.9014021757729,v63D,1983263556,1983263556.0
1295087670.0,119.66332194624013,M1x6,1295087670,1295087670.0
1800433768.0,58.25654009847667,kPph,1800433768,1800433768.0
1499687022.0,232.42359237316663,Ychn,1499687022,1499687022.0
1130646132.0,13.389968359736157,CdJt,1130646132,1130646132.0
1783649841.0,1084.377349305596,jPV1,1783649841,1783649841.0
1450854198.0,713.6833509255738,VzG6,1450854198,1450854198.0
825520978.0,335.8006330512667,14sR,825520978,825520978.0
1298687052.0,636.4173731097349,MhdL,1298687052,1298687052.0
1162109745.0,39.4986142178997,EDc1,1162109745,1162109760.0
1985430383.0,17.350656026930785,vWCo,1985430383,1985430384.0
1379033678.0,499.58966746655403,R2bN,1379033678,1379033678.0
1115245417.0,768.978858226038,ByKi,1115245417,1115245417.0
1178941285.0,77.76579390541312,FE7e,1178941285,1178941285.0
1498241387.0,725.8933439553701,YMYk,1498241387,1498241387.0
1366444359.0,936.8063056467546,QrIG,1366444359,1366444359.0
1213558881.0,786.7172102386146,HUpa,1213558881,1213558881.0
1665550958.0,36.806279239898515,cFJn,1665550958,1665550958.0
1818579762.0,21.541514719947525,leS2,1818579762,1818579762.0
1714451761.0,597.7443351534093,f0u1,1714451761,1714451761.0
1446134087.0,150.09408539169218,V2AG,1446134087,1446134087.0
1934587970.0,381.91280719918905,sOxB,1934587970,1934587970.0
926379082.0,526.3115290070931,77lJ,926379082,926379082.0
1382511186.0,562.1386115022555,RgrR,1382511186,1382511186.0
861487976.0,869.2535184605787,3YCh,861487976,861487976.0
1969450569.0,138.29624029011083,ucnI,1969450569,1969450569.0
1887058038.0,437.20198723458975,pz8v,1887058038,1887058038.0
1634550868.0,7.4658265055900594,amDT,1634550868,1634550868.0
846618954.0,66.19441111247656,2vaJ,846618954,846618954.0
1347839059.0,946.7075161377287,PVdS,1347839059,1347839059.0
1181176171.0,477.7760925212719,FgQk,1181176171,1181176171.0
1280135788.0,1042.7574644285687,LMRl,1280135788,1280135788.0
1664643397.0,573.3117755773602,c8qE,1664643397,1664643397.0
1852853577.0,923.3780946056855,npMI,1852853577,1852853577.0
1465279320.0,1069.868569843303,WVcX,1465279320,1465279320.0
1313355833.0,5.764583345005601,NH89,1313355833,1313355833.0
1147228247.0,58.63140973901327,DaPW,1147228247,1147228224.0
962819922.0,627.7444535280977,9cwR,962819922,962819922.0
1732916039.0,58.09436112309906,gJ3G,1732916039,1732916039.0
1732333872.0,66.24076816901194,gAQ0,1732333872,1732333872.0
1129604937.0,63.621671459077014,CTgI,1129604937,1129604937.0
1162756677.0,84.16172920750185,ENBE,1162756677,1162756677.0
1999989324.0,902.8147363202386,w5jL,1999989324,1999989324.0
1098343282.0,61.65421997207634,Awcq,1098343281,1098343232.0
878005612.0,85.35869950998142,4UMl,878005612,878005612.0
1786274151.0,511.6078378908098,jxag,1786274151,1786274151.0
1433095732.0,24.598435731159036,UkN4,1433095732,1433095732.0
1328562481.0,653.025823963019,O0A1,1328562481,1328562481.0
1900954481.9999995,97.5665875814044,qNCr,1900954482,1900954482.0
1313696369.0,93.0239568263088,NMjq,1313696369,1313696369.0
1684172882.0,221.04450520465832,dbpR,1684172882,1684172882.0
1431581289.0,1180.7916252554146,UT2i,1431581289,1431581289.0
1464875087.0,524.9643821187159,WP8O,1464875087,1464875087.0
878212170.0,677.6855956825816,4XtJ,878212170,878212170.0
1883653700.0,131.9128460555893,pFFD,1883653700,1883653700.0
2004109639.0,100.92129973487776,wtIG,2004109639,2004109639.0
1366185572.0,837.2254578110513,QnVd,1366185572,1366185572.0
860715381.0,115.43200505598665,3Myu,860715381,860715381.0
1114079232.0,80.18273869495238,Bgbm,1114071661,1113587712.0
1447121490.0,305.1003749471297,VARR,1447121490,1447121490.0
1160803637.0,802.1640970201054,E0u5,1160803637,1160803637.0
812347719.0,83.29598809999699,0kqG,812347719,812347719.0
1699561807.0,48.015189220865416,eMAO,1699561807,1699561807.0
2020439385.0,51.346419005222536,xmuY,2020439385,2020439385.0
1248552821.0,62.748093904020116,Jkgu,1248552821,1248552821.0
861235032.0,420.7101625585815,3UgX,861235032,861235032.0
1650602819.0,6.078475981856529,bb3C,1650602819,1650602819.0
944794468.0,302.6504390021622,8Pkd,944794468,944794468.0
963144812.0,540.2486842454459,9hll,963144812,963144812.0
1415655525.0,176.30656611478167,Ta0e,1415655525,1415655525.0
1449612087.0,48.67431742085387,VgS7,1449612087,1449612087.0
928602729.0,671.3490882068381,7YZi,928602729,928602729.0
2050518856.0,1276.3010874060283,z8oH,2050518856,2050518856.0
1228503097.0000005,144.6197071419965,I9x9,1228503097,1228503097.0
1951421527.0,25.34147933532625,tPTW,1951421527,1951421527.0
1179727416.0,474.4165755424793,FQ68,1179727416,1179727416.0
1096249912.0,74.86485391356261,AWr8,1096249912,1096249912.0
1332570990.0,158.74934513066853,Omkn,1332570990,1332570990.0
1447578475.0,667.6710630643506,VHKk,1447578475,1447578475.0
930566229.0,74.5093299271262,7wPU,930566229,930566229.0
1834372948.0,133.91346971804995,mVOT,1834372948,1834372948.0
811151415.0,63.825193395158344,0Y07,811151415,811151415.0
1817130288.0,68.84518110392446,lO51,1817130289,1817129984.0
1230260297.0,5.493628071519265,ITHI,1230260297,1230260297.0
1382692207.0,62.33826884216279,Rj5o,1382692207,1382692207.0
1199059304.0,102.12334530071841,Gx1h,1199059304,1199059304.0
1480813642.0,99.32323131907118,XClJ,1480813642,1480813642.0
1129076560.0,123.46173826068829,CLWP,1129076560,1129076560.0
1265979446.0,34.907779119316785,KuP6,1265979446,1265979446.0
2054510948.0,29.686673731362745,zuYd,2054510948,2054510948.0
1834300775.0,81.35023199430377,mU5g,1834300775,1834300775.0
1164198729.0,516.7478888508598,EdCI,1164198729,1164198729.0
877553265.0,65.22785519926346,4Nfq,877553265,877553265.0
944534882.0,765.4933244455799,8Lub,944534882,944534882.0
1315326067.0,421.86700981001997,NfHs,1315326067,1315326067.0
1098476910.0,6.297348555466501,Aymn,1098476910,1098476910.0
1110524758.0,103.28287536257231,B1CV,1110524758,1110524758.0
1416848238.0,62.15890462263369,Tscn,1416848238,1416848238.0
1364197376.0,84.14614386914167,QIVW,1363760727,1476395008.0
1382365262.0,45.9783756476001,Re8N,1382365262,1382365262.0
1261467976.0,36.94348063994044,K0yH,1261467976,1261467976.0
1433483064.0,232.86341041614392,Uq78,1433483064,1433483064.0
827816024.0,193.41858015692463,1WxX,827816024,827816024.0
1129787469.0,103.61560262339883,CW0M,1129787469,1129787469.0
1883845221.0,142.37756382395636,pI2e,1883845221,1883845221.0
1416259907.0,245.08215735680787,TjiC,1416259907,1416259907.0
1212837175.0,81.31831111833483,HJm7,1212837175,1212837175.0
1865900032.0,95.46886676355658,o7k6,1865902902,1865940992.0
1916035922.0,175.66461955006633,r4cR,1916035922,1916035922.0
2020112214.0,10.045617693996903,xhwV,2020112214,2020112214.0
2020566357.0,1096.6819082776958,xoeU,2020566357,2020566357.0
1869498368.0,62.53409824556002,onIM,1869498701,1869479936.0
1180199788.0,169.97107247297905,FXkl,1180199788,1180199788.0
1984051562.0,1115.025159584317,vB9j,1984051562,1984051562.0
1399205996.0,1073.9296653185982,Sf0l,1399205996,1399205996.0
1983198309.0,834.7334211801397,v54e,1983198309,1983198309.0
1920617008.0,1291.0669499874882,rzJ0,1920617008,1920617008.0
1194408026.0,756.6193414530861,G18Z,1194408026,1194408026.0
946161521.0,53.76412833937561,8eGq,946161521,946161521.0
1213429585.0,665.1369867248354,HSwQ,1213429585,1213429585.0
2002924393.0,1087.1292849133715,wb3i,2002924393,2002924393.0
1682387289.000001,145.30066305747397,dG1Y,1682387289,1682387289.0
1146639699.0,255.88570384729886,DXUS,1146639699,1146639699.0
1850625624.0,585.6750105579495,nNNX,1850625624,1850625624.0
862746440.0,60.44763323212468,3lwH,862746440,862746440.0
943867768.0,361.28182637397424,8BGx,943867768,943867768.0
843150170.0,10.868573306104203,2AsZ,843150170,843150170.0
1380974592.0,57.46071221033159,RPlT,1381002324,1342177280.0
1362456678.0,50.32444991390035,Q5pf,1362456678,1362456678.0
1265005425.0,23.672947219899953,Kfsq,1265005425,1265005425.0
2003389815.0,44.161129212600315,wiMw,2003389815,2003389815.0
1850374008.0,1172.3702979996083,nJwx,1850374008,1850374008.0
1464088658.0,83.75063045819338,WD8R,1464088658,1464088658.0
1853127254.0,924.0752641129484,ntzV,1853127254,1853127254.0
1734428466.0,136.02696739579144,gaG2,1734428466,1734428466.0
1365927023.0,951.8165828643666,Qjdo,1365927023,1365927023.0
1499672943.0,826.0644391945149,Yc1o,1499672943,1499672943.0
1700089705.0,94.81350098933875,eUOi,1700089705,1700089705.0
944322688.0,54.974960325634456,8I8p,944322672,944320512.0
1096241219.0,46.259819743668956,AWPC,1096241219,1096241219.0
879116908.0,876.5823132173549,4fBl,879116908,879116908.0
1415991653.0,376.02695873767397,TfQe,1415991653,1415991653.0
1666007661.0,1214.6412799073098,cMBm,1666007661,1666007661.0
877802329.0,83.96539016286566,4R3Y,877802329,877802329.0
947288368.0,19.28286578945944,8vy0,947288368,947288368.0
2018332014.0,162.20650960659532,xMMn,2018332014,2018332014.0
2037413712.0,36.77388985003421,ypwP,2037413712,2037413728.0
1198739456.0,81.12059673026504,GsPi,1198739561,1198653440.0
1350119987.0,933.2120057016992,Py23,1350119987,1350119987.0
943085903.0,105.5196807649662,86YO,943085903,943085903.0
2003792976.0,1295.5868853911356,wotP,2003792976,2003792976.0
1647476736.0,77.32512180367658,b2pZ,1647472730,1647312896.0
1195464759.0,13.420785733053831,GAX7,1195464759,1195464759.0
1416254790.0,148.60654229024385,TjUF,1416254790,1416254790.0
1213754714.0,42.83618155844262,HXmZ,1213754714,1213754714.0
1685010298.0,69.59622979230726,do7z,1685010298,1685010298.0
894974051.0,253.23394151173136,5X8c,894974051,894974051.0
1197566316.0,84.02191630423505,Gail,1197566316,1197566316.0
1261652564.0,83.25416192382887,K3JT,1261652564,1261652564.0
1332890752.0,101.39049585864657,OrLy,1332890745,1332887552.0
1431132742.0,425.4045946509893,UMZF,1431132742,1431132742.0
2017031276.0,159.203170801346,x9tl,2017031276,2017031276.0
1815491397.0,129.65176200895672,l63E,1815491397,1815491397.0
1246320453.0,1062.5198346623995,JIWE,1246320453,1246320453.0
843657552.0,670.9565117409538,2I1P,843657552,843657552.0
1849898609.0,77.63285301036747,nC6q,1849898609,1849898609.0
947532337.0,565.9332252347095,8z21,947532337,947532337.0
1396992077.0,6.411830764764261,SDhM,1396992077,1396992077.0
1968466033.0,21.53144080118092,uThq,1968466033,1968466033.0
1299871089.0,820.4015094436629,Mzuq,1299871089,1299871089.0
1699368024.0,175.0000069699535,eJLX,1699368024,1699368024.0
1919312976.0,466.30134126663944,rfdP,1919312976,1919312976.0
1464421484.0,55.964072846434654,WILl,1464421484,1464421484.0
1818585677.0,182.64379325708663,lejM,1818585677,1818585677.0
1480684394.0,245.35178121739412,XAsj,1480684394,1480684394.0
1365656947.0,63.27339570508156,QfEs,1365656947,1365656947.0
1129534317.0,48.32670522004599,CSSm,1129534317,1129534317.0
1668837993.0,960.0190438953465,cxri,1668837993,1668837993.0
911628650.0,62.26203978695466,6VYj,911628650,911628650.0
1164529754.0,101.5783584537543,EiPZ,1164529754,1164529744.0
1179870277.0,140.52528658500998,FSdE,1179870277,1179870277.0
1901068288.0,85.27291190913323,qQWu,1901156213,1879048192.0
1483433031.0,691.6944095870282,XkdG,1483433031,1483433031.0
844509562.0,582.6502114210559,2V1z,844509562,844509562.0
1413761910.0,443.8608641667171,TDKv,1413761910,1413761910.0
1263362937.0,849.8500204667199,KMcy,1263362937,1263362937.0
1212437041.0,238.99579904193024,HDR1,1212437041,1212437041.0
1900766830.0,121.19250795979512,qKfn,1900766830,1900766830.0
879125102.0,140.5883952614657,4fbn,879125102,879125102.0
1632860212.0,1054.8620463311245,aSx4,1632860212,1632860212.0
844394098.0,928.2091163697754,2Tnr,844394098,844394098.0
1111053134.0,301.529740277307,B9SN,1111053134,1111053134.0
1702297600.0,65.29291913107171,ewm0,1702325552,1694498816.0
1128411974.0,432.5454322892692,CB3F,1128411974,1128411974.0
1497651304.0,542.13021561004,YDXh,1497651304,1497651304.0
1299404146.0,23.886136276007612,MsUr,1299404146,1299404146.0
859390839.0,47.08663645450431,39Cw,859390839,859390839.0
1194677811.0,128.5017298201255,G5V3,1194677811,1194677811.0
1467643994.0,73.86608102437009,WzxZ,1467643994,1467643994.0
1918383175.0,29.797640261118886,rX4G,1918383175,1918383175.0
1918988656.0,470.2483039330258,raqp,1918988656,1918988656.0
1449674821.0,871.2803058920392,VhHE,1449674821,1449674821.0
1498642040.0,575.1868549767617,YSvx,1498642040,1498642040.0
963800911.0,41.42189175207399,9roO,963800911,963800911.0
963868985.0,98.55349225387972,9sy9,963868985,963868985.0
1769565750.0,62.146591848682675,iyn6,1769565750,1769565750.0
1229681527.0,17.97817353543732,IKsw,1229681527,1229681520.0
1215378264.0,37.56016870228022,Hq3X,1215378264,1215378264.0
809072711.0,628.5436898271216,09xG,809072711,809072711.0
1919512900.0,931.2544148519115,riqD,1919512900,1919512900.0
942687299.0,279.4964975530935,80DC,942687299,942687299.0
810833496.0,15.325704349647681,0TVX,810833496,810833496.0
1784116480.0,63.57008445585178,jWu7,1784116535,1784119296.0
1648650869.0,73.30036486763932,bDju,1648650869,1648650872.0
2019833140.0,43.00148340483573,xd54,2019833140,2019833140.0
1365407097.0,67.38422786717345,Qbuy,1365407097,1365407097.0
1802924666.0,640.9239504519987,kvrz,1802924666,1802924666.0
2034649712.0,590.9430475590875,yFJp,2034649712,2034649712.0
1834240594.0,110.94888484504106,mTJR,1834240594,1834240594.0
1632662859.0,58.35652939855077,aPuK,1632662859,1632662859.0
808873285.0,57.834782796344705,06mE,808873285,808873285.0
1364019299.0,1109.4059186188174,QMHc,1364019299,1364019299.0
1413955893.0,48.614941681608215,TGA5,1413955893,1413955893.0
2001752178.0,15.977076743462915,wPPr,2001752178,2001752178.0
1766535239.0,188.59210853007858,iK0G,1766535239,1766535239.0
1278751066.0,618.7795120218899,L81Z,1278751066,1278751066.0
1884507985.0,1159.99629472687,pSOQ,1884507985,1884507985.0
1734424186.0,18.081567299463536,ga6z,1734424186,1734424186.0
877360233.0,44.07270823052254,4Kti,877360233,877360224.0
1833266521.0,614.2823253768785,mEmY,1833266521,1833266521.0
2054180952.0,93.55083768068963,zpPX,2054180952,2054180952.0
1347371591.0,1085.4181148013672,POBG,1347371591,1347371591.0
2053978112.0,71.4757438980322,zm6n,2053977710,2053996544.0
1096906561.0,65.8174250201802,AawA,1096906561,1096906561.0
1882547286.0,44.787348886190344,p5dV,1882547286,1882547286.0
1112429423.0,11.17321168524588,BNSo,1112429423,1112429423.0
1649686862.0000002,195.5089584516015,bT9N,1649686862,1649686862.0
947348856.0,393.4809464992092,8wex,947348856,947348856.0
1263825508.0,44.638623363818205,KTrd,1263825508,1263825508.0
1882551409.0,954.919565038291,p5tq,1882551409,1882551409.0
1647922752.0,98.86654559291017,b9NI,1647922761,1647921152.0
812993895.0,113.37549374795165,0uMg,812993895,812993895.0
1902929480.0,555.9758553940859,qlfH,1902929480,1902929480.0
1513506900.0,1063.2642962313246,Z6HT,1513506900,1513506900.0
1181298743.0,1026.3136686395446,Fi07,1181298743,1181298743.0
1815304033.0,74.6659500735633,l3Wa,1815304033,1815304033.0
1752323912.0,660.5254877746087,hrWH,1752323912,1752323912.0
1096054354.0,430.0452069925356,ATvR,1096054354,1096054354.0
1516791665.0,88.61763841122523,Zhgq,1516791665,1516791665.0
1280267874.0,1078.5779432750544,LOVb,1280267874,1280267874.0
928466487.0,936.9049783783437,7WF7,928466487,928466487.0
1278626931.0,402.91346432519504,L6Ls,1278626931,1278626931.0
859982670.0,82.47666007171865,3BKN,859982670,859982670.0
1903575394.0,109.21699391941996,qvAb,1903575394,1903575394.0
1751666032.0,253.4089383273858,hhMp,1751666032,1751666032.0
1917732173.0,1021.7142393339783,rNEM,1917732173,1917732173.0
1129857603.0,1067.2735228294916,CXBC,1129857603,1129857603.0
1650817388.0,28.62695665879186,beyl,1650817388,1650817388.0
2038064742.0,239.9616550176675,yzff,2038064742,2038064742.0
1769492601.0,119.56291851961579,ixPy,1769492601,1769492601.0
1751337336.0,912.2045489881201,hcIx,1751337336,1751337336.0
925917811.0,280.08608331936694,70bs,925917811,925917811.0
1920365912.0,80.41431391779655,rvuX,1920365912,1920365912.0
1769237828.0,238.9138475974078,itmD,1769237828,1769237828.0
1832216665.0,925.22775897727,m5hY,1832216665,1832216665.0
1148728403.0,73.64251529353277,Dx4S,1148728403,1148728403.0
2003842633.0,427.6441719527755,wp6I,2003842633,2003842633.0
1110864502.0,823.4456415604724,B6rv,1110864502,1110864502.0
2017611896.0,12.60927158844907,xBPx,2017611896,2017611896.0
1414689133.0,1111.1114274939644,TRqm,1414689133,1414689133.0
911819130.0,940.7488667364407,6YAz,911819130,911819130.0
1852919920.0,7.5942855628431625,nqPp,1852919920,1852919920.0
1313231426.0,132.2162471104652,NFRB,1313231426,1313231426.0
927561850.0,144.29229222943133,7Ixz,927561850,927561850.0
1296131185.0,721.8706021994182,MAdq,1296131185,1296131185.0
1161320281.0,813.0298269025583,E8WY,1161320281,1161320281.0
1650022259.0,61.76778556253402,bYWs,1650022259,1650022259.0
830039909.0,889.2071594448449,1yge,830039909,830039909.0
2037471095.0,1029.1853095717447,yqWw,2037471095,2037471095.0
1178751333.0,27.409358543642448,FBQe,1178751333,1178751333.0
1379423079.0,668.325992991332,R8Sg,1379423079,1379423079.0
1483293255.0,685.7235362659532,XiBG,1483293255,1483293255.0
896036178.0,868.7179957121828,5hmR,896036178,896036178.0
1733974127.0,764.8988562262404,gZXo,1733974127,1733974127.0
1901683762.0,84.02273541917606,qYd2,1901683762,1901683762.0
1702324577.0,47.22275147479188,ewia,1702324577,1702324577.0
1399745130.0,145.58760450531636,Snjj,1399745130,1399745130.0
1784826448.0,93.62091617586827,jbJP,1784826448,1784826448.0
1248350316.0,513.2684551200306,JhPl,1248350316,1248350316.0
2033795955.0,151.0308456261911,y9Cs,2033795955,2033795955.0
1333147757.0,159.3289871583626,Ov8m,1333147757,1333147757.0
1848734809.0,478.2651894462693,n1tY,1848734809,1848734809.0
1399350898.0,72.6486759369163,Shfr,1399350898,1399350898.0
1682786154.0,273.9954025826843,dMGj,1682786154,1682786154.0
1265989237.0,91.82468385016077,Kuvu,1265989237,1265989237.0
1800293960.0,1238.0792329822414,kNNH,1800293960,1800293960.0
1097216310.0,1001.4230490111977,Af16,1097216310,1097216310.0
843859778.0,138.00574213301275,2LGB,843859778,843859778.0
1633174599.0,351.2844428155699,aXDG,1633174599,1633174599.0
1416973139.0,71.22617645213593,TuKS,1416973139,1416973139.0
1130443608.0,99.17561277317283,Ca3X,1130443608,1130443608.0
811682657.0,395.22335234417346,0aKa,811682657,811682657.0
1363559244.0,963.722073955812,QFCL,1363559244,1363559244.0
1199194436.0,208.57621224271458,GzAD,1199194436,1199194436.0
1886537838.0,827.1175509470403,prHn,1886537838,1886537838.0
1633052258.0,101.63106552255888,aVfb,1633052258,1633052258.0
1466263146.0,389.88171504308053,Wefj,1466263146,1466263146.0
1818707778.0,58.74540190274727,lgGB,1818707778,1818707778.0
812992852.0,124.12458017155808,0uIT,812992852,812992852.0
1751337036.0,274.01313214889876,hcHL,1751337036,1751337036.0
1431521637.0,202.58827408832195,USIe,1431521637,1431521637.0
1919635816.0,805.7320224770954,rkQh,1919635816,1919635816.0
1347106371.0,37.072595104988274,PK6C,1347106371,1347106371.0
1514889579.0,68.74787151187476,ZKak,1514889579,1514889579.0
1399158626.0,67.27585543411934,Sewb,1399158626,1399158626.0
1280131072.0,90.22635153579968,LMKS,1280133971,1280180224.0
1767537221.0,129.01096298558323,iZzE,1767537221,1767537221.0
2053649741.0,126.14332392865552,zh5M,2053649741,2053649741.0
1634153543.9999995,54.45286553009362,ag4H,1634153544,1634153544.0
1833856833.0,1097.0524487513678,mNoA,1833856833,1833856833.0
812732992.0,80.89747600254061,0qRE,812732997,812732416.0
1768715826.0,1079.8319743379661,ilv2,1768715826,1768715826.0
2003056501.0,111.88570793840304,wd7u,2003056501,2003056501.0
1700887126.0,115.07531910752552,eazV,1700887126,1700887126.0
946827385.0,112.57001524422604,8opy,946827385,946827385.0
1682724152.0,796.3923753764118,dLU8,1682724152,1682724152.0
1765173835.0,382.86614145728964,i6jK,1765173835,1765173835.0
1132099426.0,322.5364361245629,Czwb,1132099426,1132099426.0
963720756.0,790.9311011652229,9q64,963720756,963720756.0
1346524273.0,594.8220896498372,PBTq,1346524273,1346524273.0
